all,things,166.10285929390795
jesus,christ,122.04250378620279
every,man,102.27609147218314
any,man,100.99371527694694
unknown,tongue,85.45573268338426
lord,jesus,83.69812168890272
might,gain,64.23435423523846
come,together,58.65906532804417
any,thing,54.68405713409098
dead,rise,48.81637892615506
resurrection,dead,48.81637892615506
things,are,46.68088418106775
mans,work,45.56691832254727
take,heed,41.82627313286273
preach,gospel,41.385088657064124
holy,ghost,40.80197478814162
kingdom,god,40.52882598750321
inherit,kingdom,40.15888051396068
more,abundant,39.16970055757145
drink,cup,39.08765746475831
know,not,38.874462124409305
speak,tongues,37.328106530125
put,away,37.11429173318951
mine,own,36.96258605144401
was,seen,36.96258605144401
one,member,36.68542206165196
bought,price,35.88019719999141
fallen,asleep,35.88019719999141
sacrifice,idols,35.09892415016037
art,thou,33.57521734009675
now,concerning,33.02557717455983
abundant,honour,32.061112190219966
ten,thousand,32.061112190219966
conscience,sake,31.618194315877215
under,law,30.957119051089506
incorruption,mortal,30.335019755511844
old,leaven,30.335019755511844
are,lawful,30.12176760025297
every,one,30.06112150317231
made,manifest,29.653106036303797
according,scriptures,29.15008052989628
eat,drink,28.971132657154893
pleased,dwell,28.242027180453654
done,deed,27.504422959797804
may,please,27.1859312982441
gifts,healing,26.882834886090475
keep,silence,26.882834886090475
through,macedonia,26.882834886090475
rise,not,26.877881707039563
bread,drink,26.773978612252748
long,hair,26.51662636847113
question,conscience,26.345485616953624
brother,offend,25.87214872922765
let,every,25.654306423622625
spiritual,gifts,25.382003535899287
able,bear,25.332033043932032
partakers,altar,25.332033043932032
likewise,also,25.14100606352912
god,chosen,24.258525952991278
thank,god,24.258525952991278
heed,lest,23.687067455501676
jews,greeks,23.687067455501676
eat,bread,23.024858602886184
chapter,now,22.787098993797414
sake,earth,22.699616944691307
called,being,22.690855601013045
power,over,22.671524746172157
same,spirit,22.418289967685983
eat,asking,22.289994373874062
first,epistle,22.055831646556005
were,hearing,21.77834980181551
apostles,last,21.516061682460077
grace,god,21.431579982998297
lords,thereof,21.341808972902225
pass,through,21.341808972902225
princes,world,21.324818547249457
world,confound,21.324818547249457
have,not,21.144854447841816
one,body,20.912151255236967
after,manner,20.58200860663682
under,feet,20.58200860663682
will,sing,20.209601351865782
one,another,20.114399429595238
chapter,moreover,20.00931341924572
being,servant,19.91018378209575
offered,idols,19.873172757590453
christ,jesus,19.865285380267814
abusers,mankind,19.326565792087326
addicted,ministry,19.326565792087326
admonition,ends,19.326565792087326
adulterers,effeminate,19.326565792087326
ask,husbands,19.326565792087326
author,confusion,19.326565792087326
behave,unseemly,19.326565792087326
cast,snare,19.326565792087326
chance,wheat,19.326565792087326
charge,abuse,19.326565792087326
communications,corrupt,19.326565792087326
counsels,hearts,19.326565792087326
differences,administrations,19.326565792087326
door,effectual,19.326565792087326
earnestly,best,19.326565792087326
easily,provoked,19.326565792087326
edification,exhortation,19.326565792087326
effeminate,abusers,19.326565792087326
envying,strife,19.326565792087326
examples,intent,19.326565792087326
exhortation,comfort,19.326565792087326
false,witnesses,19.326565792087326
fasting,prayer,19.326565792087326
feed,poor,19.326565792087326
figure,transferred,19.326565792087326
flower,age,19.326565792087326
glass,darkly,19.326565792087326
gold,silver,19.326565792087326
goods,feed,19.326565792087326
greatly,desired,19.326565792087326
hay,stubble,19.326565792087326
healings,helps,19.326565792087326
helps,governments,19.326565792087326
household,besides,19.326565792087326
kiss,salutation,19.326565792087326
liberality,jerusalem,19.326565792087326
living,soul,19.326565792087326
mankind,thieves,19.326565792087326
manners,awake,19.326565792087326
muzzle,mouth,19.326565792087326
obtained,mercy,19.326565792087326
precious,stones,19.326565792087326
prepare,battle,19.326565792087326
prophecies,fail,19.326565792087326
quit,like,19.326565792087326
remove,mountains,19.326565792087326
reported,commonly,19.326565792087326
sanctification,redemption,19.326565792087326
silver,precious,19.326565792087326
smallest,matters,19.326565792087326
sons,warn,19.326565792087326
sounding,brass,19.326565792087326
spiritually,discerned,19.326565792087326
stones,wood,19.326565792087326
tinkling,cymbal,19.326565792087326
utterly,fault,19.326565792087326
very,small,19.326565792087326
wicked,person,19.326565792087326
wood,hay,19.326565792087326
words,mans,19.252969365900483
much,more,19.15033727736125
name,lord,19.107182453121144
there,are,19.107092902899595
have,received,19.048675951222705
dwell,let,18.92573973257735
adam,was,18.300606039871727
own,body,18.057036642592912
christ,died,18.01741636113148
were,destroyed,17.96758009204869
must,put,17.679285760186303
beseech,brethren,17.660278124510338
moreover,brethren,17.660278124510338
spirit,god,17.607810512142226
make,brother,17.51021891540212
parts,have,17.124783555085486
will,come,17.117662562735074
all,men,16.87582112085122
any,means,16.624643255424147
always,abounding,16.553977069847544
aquila,salute,16.553977069847544
asia,salute,16.553977069847544
awake,righteousness,16.553977069847544
bare,grain,16.553977069847544
been,declared,16.553977069847544
behold,israel,16.553977069847544
betrayed,took,16.553977069847544
bid,feast,16.553977069847544
circumcised,circumcision,16.553977069847544
comforted,spirits,16.553977069847544
committed,fell,16.553977069847544
condemnation,rest,16.553977069847544
conduct,forth,16.553977069847544
confirm,end,16.553977069847544
covet,earnestly,16.553977069847544
declaring,testimony,16.553977069847544
defrauded,nay,16.553977069847544
divers,kinds,16.553977069847544
drunkards,extortioners,16.553977069847544
due,benevolence,16.553977069847544
ear,heard,16.553977069847544
ephesus,pentecost,16.553977069847544
fed,milk,16.553977069847544
five,hundred,16.553977069847544
flee,idolatry,16.553977069847544
followed,rock,16.553977069847544
fought,beasts,16.553977069847544
found,false,16.553977069847544
glorying,void,16.553977069847544
great,door,16.553977069847544
harped,trumpet,16.553977069847544
hereby,justified,16.553977069847544
hunger,thirst,16.553977069847544
keeping,commandments,16.553977069847544
kinds,voices,16.553977069847544
lead,about,16.553977069847544
least,esteemed,16.553977069847544
less,honourable,16.553977069847544
light,hidden,16.553977069847544
lump,purge,16.553977069847544
malice,wickedness,16.553977069847544
meaning,voice,16.553977069847544
mighty,base,16.553977069847544
minister,about,16.553977069847544
most,miserable,16.553977069847544
new,testament,16.553977069847544
once,greater,16.553977069847544
pentecost,great,16.553977069847544
people,sat,16.553977069847544
prophesied,greater,16.553977069847544
psalm,doctrine,16.553977069847544
righteousness,sanctification,16.553977069847544
rock,followed,16.553977069847544
salute,aquila,16.553977069847544
satan,destruction,16.553977069847544
sting,grave,16.553977069847544
supped,saying,16.553977069847544
thirdly,teachers,16.553977069847544
trump,trumpet,16.553977069847544
unworthily,damnation,16.553977069847544
man,think,16.499036152278578
not,power,16.289042434633245
gods,chapter,16.20477261223171
wife,seek,16.165464527807323
expedient,all,16.075283964456233
not,rather,16.067763173552713
god,set,16.04542881893496
wisdom,world,16.01165338749829
are,puffed,15.932350984385774
thou,thou,15.902240865230741
put,all,15.82800499284204
abundant,comeliness,15.50748078231845
blessing,bless,15.50748078231845
borne,image,15.50748078231845
build,foundation,15.50748078231845
care,oxen,15.50748078231845
certain,labour,15.50748078231845
children,unclean,15.50748078231845
comeliness,comely,15.50748078231845
corruptible,crown,15.50748078231845
covetous,drunkards,15.50748078231845
destroyed,destroyer,15.50748078231845
destroyed,serpents,15.50748078231845
diversities,operations,15.50748078231845
divisions,partly,15.50748078231845
edified,thank,15.50748078231845
excel,edifying,15.50748078231845
excellency,speech,15.50748078231845
excellent,way,15.50748078231845
falling,down,15.50748078231845
fire,try,15.50748078231845
forbear,working,15.50748078231845
foundation,gold,15.50748078231845
ghost,comparing,15.50748078231845
gift,waiting,15.50748078231845
glad,coming,15.50748078231845
governments,diversities,15.50748078231845
hour,protest,15.50748078231845
idolaters,adulterers,15.50748078231845
leave,unbelieving,15.50748078231845
nature,teach,15.50748078231845
perfectly,joined,15.50748078231845
place,call,15.50748078231845
proper,gift,15.50748078231845
remembrance,ways,15.50748078231845
reviled,bless,15.50748078231845
room,unlearned,15.50748078231845
sat,down,15.50748078231845
sincerity,truth,15.50748078231845
sound,pipe,15.50748078231845
strife,divisions,15.50748078231845
thieves,covetous,15.50748078231845
thousand,instructors,15.50748078231845
trembling,speech,15.50748078231845
trust,tarry,15.50748078231845
twenty,thousand,15.50748078231845
uncertain,sound,15.50748078231845
waiting,coming,15.50748078231845
way,escape,15.50748078231845
wealth,whatsoever,15.50748078231845
workers,miracles,15.50748078231845
own,profit,15.404820413405405
are,bought,15.031723388866784
are,despised,15.031723388866784
are,fallen,15.031723388866784
temple,god,14.837383374145956
again,third,14.82788463513686
age,need,14.82788463513686
beloved,sons,14.82788463513686
benevolence,likewise,14.82788463513686
burn,married,14.82788463513686
child,thought,14.82788463513686
craftiness,again,14.82788463513686
dearly,beloved,14.82788463513686
earthy,second,14.82788463513686
effect,preaching,14.82788463513686
entered,heart,14.82788463513686
evil,communications,14.82788463513686
excepted,did,14.82788463513686
fools,christs,14.82788463513686
freeman,likewise,14.82788463513686
fruit,thereof,14.82788463513686
having,matter,14.82788463513686
little,leaven,14.82788463513686
married,command,14.82788463513686
memory,preached,14.82788463513686
pass,flower,14.82788463513686
race,run,14.82788463513686
secrets,heart,14.82788463513686
stand,fast,14.82788463513686
three,twenty,14.82788463513686
unmarried,widows,14.82788463513686
watch,stand,14.82788463513686
church,god,14.803874242935171
thou,save,14.680927895610118
baptized,dead,14.596766768808926
one,place,14.477011953476083
are,gods,14.39124777068086
mans,wisdom,14.358131971267692
become,slept,14.322541556705447
born,out,14.322541556705447
building,according,14.322541556705447
die,daily,14.322541556705447
faithful,suppose,14.322541556705447
gentiles,carried,14.322541556705447
hold,peace,14.322541556705447
last,enemy,14.322541556705447
last,trump,14.322541556705447
manifest,counsels,14.322541556705447
marry,burn,14.322541556705447
meat,hitherto,14.322541556705447
morrow,die,14.322541556705447
much,trembling,14.322541556705447
must,needs,14.322541556705447
named,gentiles,14.322541556705447
nevertheless,avoid,14.322541556705447
out,corn,14.322541556705447
pertain,life,14.322541556705447
pertaining,life,14.322541556705447
prepared,love,14.322541556705447
profit,withal,14.322541556705447
prophets,thirdly,14.322541556705447
purge,out,14.322541556705447
reap,carnal,14.322541556705447
redemption,according,14.322541556705447
sacrifices,partakers,14.322541556705447
secondarily,prophets,14.322541556705447
soul,last,14.322541556705447
thanks,seeing,14.322541556705447
pleased,were,14.173449628822794
natural,body,14.09232024166944
are,all,13.932748537872692
apostles,secondarily,13.919831285691668
call,name,13.919831285691668
churches,asia,13.919831285691668
churches,galatia,13.919831285691668
collection,saints,13.919831285691668
concerning,collection,13.919831285691668
concerning,virgins,13.919831285691668
corrupt,good,13.919831285691668
enticing,words,13.919831285691668
except,utter,13.919831285691668
gods,building,13.919831285691668
gods,husbandry,13.919831285691668
good,manners,13.919831285691668
gospels,sake,13.919831285691668
had,supped,13.919831285691668
harp,except,13.919831285691668
mine,answer,13.919831285691668
mine,apostleship,13.919831285691668
ministry,saints,13.919831285691668
present,distress,13.919831285691668
quickened,except,13.919831285691668
saints,submit,13.919831285691668
sake,shewed,13.919831285691668
seal,mine,13.919831285691668
seeking,mine,13.919831285691668
seen,james,13.919831285691668
sin,strength,13.919831285691668
strength,sin,13.919831285691668
therein,abide,13.919831285691668
words,easy,13.919831285691668
yea,deep,13.919831285691668
yea,winter,13.919831285691668
yea,woe,13.919831285691668
wisdom,god,13.798402151317454
about,sister,13.7817340693037
belly,belly,13.7817340693037
belly,meats,13.7817340693037
died,sins,13.7817340693037
discerning,spirits,13.7817340693037
gave,increase,13.7817340693037
greet,greet,13.7817340693037
honour,uncomely,13.7817340693037
honourable,bestow,13.7817340693037
meats,belly,13.7817340693037
milk,flock,13.7817340693037
new,lump,13.7817340693037
prophecy,understand,13.7817340693037
require,sign,13.7817340693037
satan,tempt,13.7817340693037
table,table,13.7817340693037
temptation,taken,13.7817340693037
uncomely,parts,13.7817340693037
wrong,defraud,13.7817340693037
after,flesh,13.625036939545945
speak,shame,13.605808871252961
apollos,greatly,13.584937336049599
apollos,watered,13.584937336049599
avoid,fornication,13.584937336049599
before,unjust,13.584937336049599
bring,liberality,13.584937336049599
bring,light,13.584937336049599
commit,fornication,13.584937336049599
consent,time,13.584937336049599
convenient,time,13.584937336049599
day,week,13.584937336049599
defile,temple,13.584937336049599
done,decently,13.584937336049599
dumb,idols,13.584937336049599
faith,quit,13.584937336049599
gaius,lest,13.584937336049599
lest,hinder,13.584937336049599
part,lacked,13.584937336049599
partly,believe,13.584937336049599
planted,apollos,13.584937336049599
said,take,13.584937336049599
send,bring,13.584937336049599
subjection,lest,13.584937336049599
suffer,loss,13.584937336049599
temple,wait,13.584937336049599
third,day,13.584937336049599
time,watch,13.584937336049599
transferred,apollos,13.584937336049599
understanding,prudent,13.584937336049599
work,sort,13.584937336049599
now,are,13.58241633036411
will,pray,13.516949031207346
not,communion,13.41973147101397
not,deceived,13.41973147101397
not,expedient,13.41973147101397
not,sinned,13.41973147101397
depart,let,13.415290758027576
anathema,grace,13.298243211984339
appointed,death,13.298243211984339
begotten,through,13.298243211984339
behalf,grace,13.298243211984339
best,gifts,13.298243211984339
bread,break,13.298243211984339
bread,sincerity,13.298243211984339
cup,blessing,13.298243211984339
gifts,healings,13.298243211984339
give,distinction,13.298243211984339
give,fasting,13.298243211984339
holy,kiss,13.298243211984339
judged,already,13.298243211984339
keep,ordinances,13.298243211984339
lords,freeman,13.298243211984339
none,effect,13.298243211984339
none,offence,13.298243211984339
none,weep,13.298243211984339
passed,through,13.298243211984339
rather,mourned,13.298243211984339
rather,prophesied,13.298243211984339
through,glass,13.298243211984339
idols,know,13.288939788031396
being,many,13.180742849859614
away,childish,13.04758806691275
away,dumb,13.04758806691275
away,wicked,13.04758806691275
carried,away,13.04758806691275
freely,given,13.04758806691275
given,covering,13.04758806691275
vanish,away,13.04758806691275
brethren,come,12.85008058355384
cover,head,12.824906324258361
first,hold,12.824906324258361
laboured,more,12.824906324258361
led,wherefore,12.824906324258361
more,abundantly,12.824906324258361
more,excellent,12.824906324258361
more,feeble,12.824906324258361
wherefore,dearly,12.824906324258361
altogether,fornicators,12.735583563240999
altogether,sakes,12.735583563240999
behold,shew,12.735583563240999
celestial,bodies,12.735583563240999
changed,corruptible,12.735583563240999
company,fornicators,12.735583563240999
fellowship,son,12.735583563240999
giving,sound,12.735583563240999
loosed,art,12.735583563240999
obtain,corruptible,12.735583563240999
sign,greeks,12.735583563240999
stewards,mysteries,12.735583563240999
tempted,above,12.735583563240999
trumpet,sound,12.735583563240999
above,five,12.735583563240997
bodies,terrestrial,12.735583563240997
chosen,foolish,12.735583563240997
comely,parts,12.735583563240997
epistle,corinthians,12.735583563240997
gift,prophecy,12.735583563240997
reign,till,12.735583563240997
shew,mystery,12.735583563240997
truth,wrote,12.735583563240997
victory,sting,12.735583563240997
being,defamed,12.624571650404087
being,reviled,12.624571650404087
hands,being,12.624571650404087
knowledge,sit,12.624571650404087
weak,sickly,12.624571650404087
wound,weak,12.624571650404087
christ,crucified,12.516046395373937
many,members,12.459812293842608
charity,desire,12.442502198739469
charity,never,12.442502198739469
deliver,such,12.442502198739469
destruction,flesh,12.442502198739469
dispensation,gospel,12.442502198739469
extortioner,such,12.442502198739469
gathered,together,12.442502198739469
hinder,gospel,12.442502198739469
jew,might,12.442502198739469
labourers,together,12.442502198739469
other,lips,12.442502198739469
submit,such,12.442502198739469
such,cases,12.442502198739469
such,custom,12.442502198739469
thoughts,wise,12.442502198739469
together,condemnation,12.442502198739469
god,destroy,12.369103111864332
god,father,12.369103111864332
things,world,12.331517449718985
drink,drank,12.275642092999377
drink,morrow,12.275642092999377
judge,smallest,12.275642092999377
necessary,members,12.275642092999377
small,thing,12.275642092999377
thing,reap,12.275642092999377
thing,willingly,12.275642092999377
unworthy,judge,12.275642092999377
let,marry,12.24772029120503
not,charity,12.162211855790908
daily,after,12.12164385686004
enemies,under,12.12164385686004
follow,after,12.12164385686004
israel,after,12.12164385686004
lust,after,12.12164385686004
tongues,cease,12.12164385686004
twelve,after,12.12164385686004
under,bondage,12.12164385686004
under,obedience,12.12164385686004
spirit,another,12.121402325777368
again,satan,12.056333257322432
beloved,flee,12.056333257322432
brought,pass,12.056333257322432
child,understood,12.056333257322432
communion,blood,12.056333257322432
corruption,inherit,12.056333257322432
deceived,evil,12.056333257322432
evil,spoken,12.056333257322432
extortioners,inherit,12.056333257322432
fellowship,devils,12.056333257322432
hearing,whole,12.056333257322432
incorruption,behold,12.056333257322432
leaven,malice,12.056333257322432
natural,afterward,12.056333257322432
need,nay,12.056333257322432
pass,saying,12.056333257322432
preaching,cross,12.056333257322432
remain,unmarried,12.056333257322432
sea,did,12.056333257322432
sinned,virgin,12.056333257322432
table,devils,12.056333257322432
uncomely,virgin,12.056333257322432
whole,lump,12.056333257322432
charges,who,11.978664988248266
cymbal,though,11.978664988248266
husband,render,11.978664988248266
made,alive,11.978664988248266
made,living,11.978664988248266
made,quickening,11.978664988248266
made,spectacle,11.978664988248266
poor,though,11.978664988248266
reconciled,husband,11.978664988248266
though,possessed,11.978664988248266
though,rejoiced,11.978664988248266
though,wept,11.978664988248266
void,though,11.978664988248266
warn,though,11.978664988248266
who,differ,11.978664988248266
who,prepare,11.978664988248266
who,vineyard,11.978664988248266
who,warfare,11.978664988248266
written,admonition,11.978664988248266
written,philippi,11.978664988248266
married,things,11.942275236177558
shame,but,11.925166779780344
things,under,11.922970690520934
will,bring,11.896278528554221
castaway,chapter,11.84523271348063
chapter,dare,11.84523271348063
chapter,follow,11.84523271348063
comparing,spiritual,11.84523271348063
desire,spiritual,11.84523271348063
drank,spiritual,11.84523271348063
meekness,chapter,11.84523271348063
person,chapter,11.84523271348063
zealous,spiritual,11.84523271348063
called,therein,11.720151205848982
many,adversaries,11.720151205848982
many,foot,11.720151205848982
many,noble,11.720151205848982
sickly,many,11.720151205848982
bear,image,11.68977889844119
bodies,bodies,11.68977889844119
face,face,11.68977889844119
fire,fire,11.68977889844119
fornicators,idolaters,11.68977889844119
foundation,can,11.68977889844119
image,heavenly,11.68977889844119
labour,working,11.68977889844119
laid,foundation,11.68977889844119
means,liberty,11.68977889844119
sakes,sakes,11.68977889844119
tarry,while,11.68977889844119
working,miracles,11.68977889844119
have,long,11.634616117329603
only,have,11.634616117329603
every,mans,11.619242970491863
glory,moon,11.60243620573674
glory,stars,11.60243620573674
glory,sun,11.60243620573674
same,night,11.60243620573674
wisdom,declaring,11.60243620573674
apostle,corinthians,11.551336079964063
apostle,persecuted,11.551336079964063
become,fool,11.551336079964063
carnal,walk,11.551336079964063
covet,prophesy,11.551336079964063
found,faithful,11.551336079964063
free,use,11.551336079964063
giving,thanks,11.551336079964063
life,giving,11.551336079964063
marriage,better,11.551336079964063
marriage,well,11.551336079964063
mortal,must,11.551336079964063
nay,much,11.551336079964063
out,due,11.551336079964063
prophesy,forbid,11.551336079964063
salute,much,11.551336079964063
see,calling,11.551336079964063
sinned,nevertheless,11.551336079964063
sins,according,11.551336079964063
spirits,prophets,11.551336079964063
subject,prophets,11.551336079964063
wise,men,11.549322062501947
wherefore,brethren,11.534427045156164
any,mans,11.50534782430555
command,yet,11.491267868024519
yet,doubtless,11.491267868024519
have,put,11.475224182307404
understanding,also,11.397867355502378
created,woman,11.385956058252425
custom,neither,11.385956058252425
heard,neither,11.385956058252425
lusted,neither,11.385956058252425
neither,murmur,11.385956058252425
offence,neither,11.385956058252425
play,neither,11.385956058252425
render,wife,11.385956058252425
serpents,neither,11.385956058252425
touch,woman,11.385956058252425
same,spiritual,11.34323965821547
but,will,11.298291089125886
authority,power,11.285914349863198
distress,say,11.285914349863198
foot,say,11.285914349863198
power,forbear,11.285914349863198
power,lead,11.285914349863198
signification,therefore,11.285914349863198
suppose,therefore,11.285914349863198
therefore,glorify,11.285914349863198
are,diversities,11.259514158557716
even,nature,11.190640228705195
galatia,even,11.190640228705195
five,words,11.148971769859633
knew,had,11.148971769859633
least,apostles,11.148971769859633
perish,foolishness,11.148971769859633
remain,present,11.148971769859633
righteousness,sin,11.148971769859633
seen,ear,11.148971769859633
set,forth,11.148971769859633
come,wherefore,11.121153848415343
eat,sacrifices,11.099699807112339
emboldened,eat,11.099699807112339
houses,eat,11.099699807112339
like,men,11.099699807112339
men,edification,11.099699807112339
servants,men,11.099699807112339
shambles,eat,11.099699807112339
wiser,men,11.099699807112339
though,have,11.038595902914093
divided,was,11.012715868126822
own,charges,11.012715868126822
own,craftiness,11.012715868126822
own,hands,11.012715868126822
own,self,11.012715868126822
seed,own,11.012715868126822
was,bestowed,11.012715868126822
was,betrayed,11.012715868126822
was,buried,11.012715868126822
was,confirmed,11.012715868126822
was,lacking,11.012715868126822
beloved,son,11.010874493595386
did,reign,11.010874493595386
idol,hour,11.010874493595386
image,earthy,11.010874493595386
partaker,thereof,11.010874493595386
prophesying,having,11.010874493595386
rose,again,11.010874493595386
servant,care,11.010874493595386
speech,preaching,11.010874493595386
unbelieving,depart,11.010874493595386
hearts,then,10.929358405378677
idolatry,speak,10.929358405378677
james,then,10.929358405378677
permitted,speak,10.929358405378677
speak,either,10.929358405378677
subdued,then,10.929358405378677
then,twelve,10.929358405378677
believe,not,10.864886072595226
but,god,10.850776119929742
hitherto,were,10.849337058380296
murmured,were,10.849337058380296
were,appointed,10.849337058380296
were,examples,10.849337058380296
were,led,10.849337058380296
were,overthrown,10.849337058380296
were,smelling,10.849337058380296
before,unbelievers,10.814423840979279
bring,nought,10.814423840979279
day,write,10.814423840979279
due,time,10.814423840979279
flee,fornication,10.814423840979279
greater,part,10.814423840979279
honour,part,10.814423840979279
jews,require,10.814423840979279
lest,cross,10.814423840979279
make,glorying,10.814423840979279
ordained,before,10.814423840979279
ordained,preach,10.814423840979279
part,remain,10.814423840979279
persecuted,suffer,10.814423840979279
shame,women,10.814423840979279
sing,understanding,10.814423840979279
take,wrong,10.814423840979279
wrong,why,10.814423840979279
thou,not,10.792902051897114
besides,know,10.772395004970623
jesus,accursed,10.772395004970623
know,minister,10.772395004970623
matters,know,10.772395004970623
self,know,10.772395004970623
another,birds,10.698303986509673
another,divers,10.698303986509673
another,fishes,10.698303986509673
another,thereon,10.698303986509673
brethren,remember,10.698303986509673
brethren,wound,10.698303986509673
differ,another,10.698303986509673
fishes,another,10.698303986509673
hundred,brethren,10.698303986509673
hungry,another,10.698303986509673
look,brethren,10.698303986509673
matter,another,10.698303986509673
moon,another,10.698303986509673
sun,another,10.698303986509673
man,love,10.626927631877978
condemned,world,10.626860222683257
ends,world,10.626860222683257
fashion,world,10.626860222683257
filth,world,10.626860222683257
spectacle,world,10.626860222683257
did,all,10.601979365830786
about,holy,10.528075797551923
both,hunger,10.528075797551923
bread,behold,10.528075797551923
death,till,10.528075797551923
discerning,lords,10.528075797551923
doctrine,tongue,10.528075797551923
give,understand,10.528075797551923
keep,company,10.528075797551923
keep,feast,10.528075797551923
lords,supper,10.528075797551923
lords,table,10.528075797551923
none,princes,10.528075797551923
saying,cup,10.528075797551923
spoken,give,10.528075797551923
sting,death,10.528075797551923
through,sea,10.528075797551923
tongue,revelation,10.528075797551923
took,bread,10.528075797551923
took,cup,10.528075797551923
trumpet,give,10.528075797551923
unleavened,bread,10.528075797551923
used,none,10.528075797551923
women,keep,10.528075797551923
corruptible,must,10.50622327714591
declare,praise,10.50622327714591
feet,last,10.50622327714591
greeks,seek,10.50622327714591
last,adam,10.50622327714591
liberty,become,10.50622327714591
must,reign,10.50622327714591
partaker,hope,10.50622327714591
receive,edifying,10.50622327714591
son,faithful,10.50622327714591
verily,thanks,10.50622327714591
approved,may,10.491202013737574
come,approve,10.491202013737574
come,behind,10.491202013737574
come,rod,10.491202013737574
come,shortly,10.491202013737574
desired,come,10.491202013737574
escape,may,10.491202013737574
gatherings,come,10.491202013737574
may,attend,10.491202013737574
may,cast,10.491202013737574
may,chance,10.491202013737574
may,excel,10.491202013737574
may,instruct,10.491202013737574
prayer,come,10.491202013737574
winter,may,10.491202013737574
free,have,10.477189079063905
all,members,10.452287758892284
was,made,10.431012578304026
were,some,10.39497168966023
was,not,10.384266254394689
blood,inherit,10.332316049655757
christs,servant,10.332316049655757
earth,earthy,10.332316049655757
heart,having,10.332316049655757
inherit,incorruption,10.332316049655757
leaven,whole,10.332316049655757
need,again,10.332316049655757
virgin,pass,10.332316049655757
virgin,unmarried,10.332316049655757
baptized,moses,10.277766793015738
taken,away,10.277766793015738
birds,there,10.244717161727342
cease,there,10.244717161727342
commonly,there,10.244717161727342
demonstration,spirit,10.244717161727342
distributed,every,10.244717161727342
dividing,every,10.244717161727342
every,seed,10.244717161727342
fail,there,10.244717161727342
fall,there,10.244717161727342
jeopardy,every,10.244717161727342
lacked,there,10.244717161727342
manifestation,spirit,10.244717161727342
prospered,there,10.244717161727342
quickening,spirit,10.244717161727342
refreshed,spirit,10.244717161727342
selfsame,spirit,10.244717161727342
spirit,dividing,10.244717161727342
spirit,meekness,10.244717161727342
stubble,every,10.244717161727342
try,every,10.244717161727342
dare,any,10.18756652750636
deceive,any,10.18756652750636
warfare,any,10.18756652750636
chosen,yea,10.104204987802548
greeks,foolishness,10.104204987802548
known,mind,10.104204987802548
means,save,10.104204987802548
present,hour,10.104204987802548
seen,above,10.104204987802548
thousand,words,10.104204987802548
adversaries,now,10.077943188554617
contentions,now,10.077943188554617
darkness,will,10.077943188554617
destroyer,now,10.077943188554617
full,now,10.077943188554617
letters,will,10.077943188554617
lips,will,10.077943188554617
wilderness,now,10.077943188554617
will,dispensation,10.077943188554617
will,send,10.077943188554617
will,worship,10.077943188554617
amen,first,10.055431250813047
bestow,more,10.055431250813047
brother,perish,10.055431250813047
head,uncovered,10.055431250813047
touching,brother,10.055431250813047
uncovered,head,10.055431250813047
worse,first,10.055431250813047
are,weak,10.050910007545593
day,lord,9.937998832453465
work,lord,9.937998832453465
being,circumcised,9.855442837348184
being,persecuted,9.855442837348184
raised,incorruptible,9.855442837348184
angels,much,9.828010853969591
angels,nevertheless,9.828010853969591
interpret,pray,9.828010853969591
life,only,9.828010853969591
meat,did,9.828010853969591
receive,reward,9.828010853969591
received,stand,9.828010853969591
reward,according,9.828010853969591
sacrifice,devils,9.828010853969591
sown,natural,9.828010853969591
virgin,marry,9.828010853969591
virgin,well,9.828010853969591
also,confirm,9.827603778243896
also,heresies,9.827603778243896
also,household,9.827603778243896
also,lusted,9.827603778243896
also,murmured,9.827603778243896
also,raise,9.827603778243896
difference,also,9.827603778243896
guilty,body,9.781087956926717
tempered,body,9.781087956926717
apollos,sakes,9.770003139561803
bring,remembrance,9.770003139561803
day,declare,9.770003139561803
destroy,temple,9.770003139561803
done,edifying,9.770003139561803
jews,became,9.770003139561803
make,way,9.770003139561803
partaker,why,9.770003139561803
reign,think,9.770003139561803
take,care,9.770003139561803
verily,preach,9.770003139561803
good,man,9.745339367888372
man,came,9.745339367888372
body,but,9.740934166593876
confound,wise,9.67371970603215
deed,might,9.67371970603215
flesh,beasts,9.67371970603215
gospel,live,9.67371970603215
kind,charity,9.67371970603215
kind,flesh,9.67371970603215
live,gospel,9.67371970603215
other,grain,9.67371970603215
voice,might,9.67371970603215
not,risen,9.671378674594
are,christs,9.580305704138793
are,sanctified,9.580305704138793
chapter,brethren,9.539987716899198
speak,wisdom,9.511429296572956
judge,between,9.507205980618782
members,rejoice,9.507205980618782
great,thing,9.50720598061878
sleep,judge,9.50720598061878
woman,man,9.491349253874155
destroy,both,9.484001236671315
diversities,gifts,9.484001236671315
hour,both,9.484001236671315
liberty,judged,9.484001236671315
shew,lords,9.484001236671315
victory,death,9.484001236671315
victory,through,9.484001236671315
all,prophesy,9.452985969177243
contain,let,9.443433597500103
course,let,9.443433597500103
interpreter,let,9.443433597500103
let,ask,9.443433597500103
week,let,9.443433597500103
came,word,9.426338645265316
christs,sake,9.426338645265316
foolishness,preaching,9.426338645265316
judgment,yea,9.426338645265316
likewise,except,9.426338645265316
order,churches,9.426338645265316
preaching,save,9.426338645265316
neither,eat,9.41780048372409
one,bread,9.401308573223575
asleep,after,9.353554184808438
brought,under,9.353554184808438
interpretation,tongues,9.353554184808438
kinds,tongues,9.353554184808438
some,committed,9.353554184808438
speaking,tongues,9.353554184808438
subject,put,9.353554184808438
teachers,after,9.353554184808438
under,cloud,9.353554184808438
cup,lord,9.337282328334197
better,marry,9.324051738922346
gentiles,sacrifice,9.324051738922346
marry,nevertheless,9.324051738922346
sacrifice,sacrifice,9.324051738922346
thanks,well,9.324051738922346
woman,have,9.27842098415065
but,woman,9.271934550162232
not,many,9.239156796625863
away,verily,9.234038432585473
epistle,paul,9.234038432585473
paul,thank,9.234038432585473
made,foolish,9.210921816544445
sent,who,9.210921816544445
though,bestow,9.210921816544445
who,flock,9.210921816544445
written,people,9.210921816544445
one,born,9.121301829595438
one,obtained,9.121301829595438
one,prize,9.121301829595438
one,psalm,9.121301829595438
one,selfsame,9.121301829595438
stars,one,9.121301829595438
withal,one,9.121301829595438
crucified,jews,9.09248293756071
day,three,9.09248293756071
judgment,think,9.09248293756071
member,suffer,9.09248293756071
preaching,vain,9.09248293756071
vain,delivered,9.09248293756071
why,stand,9.09248293756071
attend,lord,9.088513475639946
belong,lord,9.088513475639946
chastened,lord,9.088513475639946
lord,distraction,9.088513475639946
lord,jealousy,9.088513475639946
lord,permit,9.088513475639946
lord,thoughts,9.088513475639946
mercy,lord,9.088513475639946
provoke,lord,9.088513475639946
shortly,lord,9.088513475639946
church,hear,9.07783610216762
corinthians,chapter,9.07783610216762
despise,church,9.07783610216762
offend,chapter,9.07783610216762
persecuted,church,9.07783610216762
spiritual,rock,9.07783610216762
another,glory,9.056742422034086
wherefore,let,9.056677564677825
but,are,9.04859818577824
power,own,9.048423454450077
covered,head,9.012049150770547
head,covered,9.012049150770547
head,feet,9.012049150770547
shew,more,9.012049150770547
wherefore,beseech,9.012049150770547
christ,charge,8.993255375692499
christ,deliver,8.993255375692499
christ,divided,8.993255375692499
christ,passover,8.993255375692499
called,fellowship,8.953101214986425
law,moses,8.953101214986425
many,kinds,8.953101214986425
many,mighty,8.953101214986425
many,sleep,8.953101214986425
life,set,8.922725670751275
profit,except,8.922725670751275
well,pleased,8.922725670751275
glory,celestial,8.835732895411194
glory,necessity,8.835732895411194
glory,terrestrial,8.835732895411194
same,calling,8.835732895411194
wisdom,knew,8.835732895411194
wisdom,righteousness,8.835732895411194
foolish,wisdom,8.835732895411192
hidden,wisdom,8.835732895411192
bless,being,8.812407057654891
chosen,weak,8.812407057654891
weak,became,8.812407057654891
cup,devils,8.806827235119592
give,judgment,8.806827235119592
keep,virgin,8.806827235119592
mans,judgment,8.806827235119592
interpret,but,8.728967267377332
people,yet,8.7249112983367
perfect,yet,8.7249112983367
base,things,8.704982555857887
childish,things,8.704982555857887
deep,things,8.704982555857887
judgments,things,8.704982555857887
things,belong,8.704982555857887
things,darkness,8.704982555857887
things,edify,8.704982555857887
things,happened,8.704982555857887
things,pertain,8.704982555857887
things,pertaining,8.704982555857887
foolishness,god,8.655743100996148
declare,gospel,8.631030306665886
heavenly,such,8.631030306665886
joined,together,8.631030306665886
sakes,might,8.631030306665886
charity,beseech,8.631030306665885
flesh,while,8.631030306665885
might,learn,8.631030306665885
might,reign,8.631030306665885
might,teach,8.631030306665885
other,foundation,8.631030306665885
common,man,8.626023793978334
man,build,8.626023793978334
man,created,8.626023793978334
man,deceive,8.626023793978334
man,defile,8.626023793978334
man,indeed,8.626023793978334
man,mastery,8.626023793978334
man,praying,8.626023793978334
man,proper,8.626023793978334
man,severally,8.626023793978334
man,wealth,8.626023793978334
second,man,8.626023793978334
between,wife,8.61994628933008
bound,wife,8.61994628933008
deceived,neither,8.61994628933008
loosed,wife,8.61994628933008
neither,corruption,8.61994628933008
shaven,woman,8.61994628933008
sister,wife,8.61994628933008
wife,defraud,8.61994628933008
wife,due,8.61994628933008
members,body,8.606406715865793
day,according,8.589216163498017
faith,hope,8.589216163498017
gain,jews,8.589216163498017
jews,gentiles,8.589216163498017
make,manifest,8.589216163498017
manifest,day,8.589216163498017
meat,make,8.589216163498017
part,prophesy,8.589216163498017
pray,understanding,8.589216163498017
all,apostles,8.580884722298808
all,churches,8.580884722298808
conscience,idol,8.557210691425418
given,order,8.557210691425418
having,given,8.557210691425418
idol,conscience,8.557210691425418
paul,crucified,8.557210691425418
thereof,conscience,8.557210691425418
buffeted,have,8.55006428297332
contentious,have,8.55006428297332
drunken,have,8.55006428297332
have,addicted,8.55006428297332
have,begotten,8.55006428297332
have,borne,8.55006428297332
have,carefulness,8.55006428297332
have,convenient,8.55006428297332
have,entered,8.55006428297332
have,fed,8.55006428297332
have,fought,8.55006428297332
have,judgments,8.55006428297332
have,planted,8.55006428297332
have,refreshed,8.55006428297332
have,reigned,8.55006428297332
have,supplied,8.55006428297332
have,testified,8.55006428297332
have,trouble,8.55006428297332
have,wives,8.55006428297332
mountains,have,8.55006428297332
rejoicing,have,8.55006428297332
rich,have,8.55006428297332
supplied,have,8.55006428297332
virgins,have,8.55006428297332
willingly,have,8.55006428297332
also,are,8.524175368690052
abide,yea,8.521745803036499
came,came,8.521745803036499
churches,saints,8.521745803036499
good,abide,8.521745803036499
good,present,8.521745803036499
had,known,8.521745803036499
present,concerning,8.521745803036499
ear,say,8.520251441850906
flock,say,8.520251441850906
incorruptible,therefore,8.520251441850906
price,therefore,8.520251441850906
say,amen,8.520251441850906
therefore,acknowledge,8.520251441850906
therefore,despise,8.520251441850906
therefore,eating,8.520251441850906
therefore,old,8.520251441850906
used,power,8.520251441850906
drink,rose,8.464863021581468
gain,are,8.442258662522637
prophets,are,8.442258662522637
are,able,8.442258662522635
are,saved,8.442258662522635
say,brethren,8.433134684167321
despised,even,8.425324241772095
doctrine,even,8.425324241772095
even,hidden,8.425324241772095
mystery,even,8.425324241772095
unleavened,even,8.425324241772095
some,also,8.390107146735605
yet,not,8.37296683207921
head,angels,8.33556772996076
again,head,8.335567729960758
delivered,first,8.335567729960758
depart,brother,8.335567729960758
having,head,8.335567729960758
ignorant,wherefore,8.335567729960758
fool,thou,8.33473080144195
men,most,8.33473080144195
moses,thou,8.33473080144195
stronger,men,8.33473080144195
thou,bound,8.33473080144195
thou,fool,8.33473080144195
thou,loosed,8.33473080144195
after,miracles,8.31155772611594
diversities,tongues,8.31155772611594
put,down,8.31155772611594
according,grace,8.30390672144775
partakers,lords,8.30390672144775
saved,keep,8.30390672144775
see,through,8.30390672144775
gifts,seek,8.303906721447749
give,thanks,8.303906721447749
rather,nevertheless,8.303906721447749
tongue,pray,8.303906721447749
flesh,but,8.281366790393228
but,any,8.25686890162876
corinthians,was,8.248093903929918
over,own,8.248093903929918
rock,was,8.248093903929918
own,supper,8.248093903929917
before,saints,8.18858255617111
save,believe,8.18858255617111
set,before,8.18858255617111
vain,yea,8.18858255617111
words,lest,8.18858255617111
words,understanding,8.18858255617111
work,abide,8.18858255617111
risen,dead,8.169271918241957
rose,dead,8.169271918241957
sound,dead,8.169271918241957
sound,who,8.169271918241957
unbelieving,husband,8.169271918241957
working,who,8.169271918241957
immortality,then,8.165083542885629
rest,speak,8.165083542885629
sins,then,8.165083542885629
speak,air,8.165083542885629
speak,five,8.165083542885629
speak,people,8.165083542885629
spoken,speak,8.165083542885629
then,end,8.165083542885629
women,speak,8.165083542885629
word,knowledge,8.136272017170313
hearing,were,8.08540935783859
sea,were,8.08540935783859
tempted,were,8.08540935783859
were,shaven,8.08540935783859
corn,god,8.066848126773657
glorify,god,8.066848126773657
god,determined,8.066848126773657
god,distributed,8.066848126773657
god,prepared,8.066848126773657
god,prospered,8.066848126773657
god,report,8.066848126773657
god,tempered,8.066848126773657
particular,god,8.066848126773657
report,god,8.066848126773657
testified,god,8.066848126773657
witnesses,god,8.066848126773657
worship,god,8.066848126773657
given,thanks,8.054636498100198
paul,apostle,8.054636498100198
edifying,church,8.036532824319496
way,chapter,8.036532824319496
abundantly,all,8.02819928041294
all,authority,8.02819928041294
all,enemies,8.02819928041294
all,goods,8.02819928041294
all,passed,8.02819928041294
all,rule,8.02819928041294
all,thus,8.02819928041294
all,utterance,8.02819928041294
all,workers,8.02819928041294
convinced,all,8.02819928041294
honoured,all,8.02819928041294
rule,all,8.02819928041294
forbid,know,8.00881452665257
jesus,amen,8.00881452665257
jesus,glorying,8.00881452665257
not,body,7.967695715776218
charity,long,7.955241706508127
charity,three,7.955241706508127
flesh,blood,7.955241706508127
gospel,preached,7.955241706508127
together,again,7.955241706508127
together,having,7.955241706508127
earthy,such,7.955241706508126
another,discerning,7.935070790707368
another,interpretation,7.935070790707368
another,prophecy,7.935070790707368
another,star,7.935070790707368
beasts,another,7.935070790707368
between,brethren,7.935070790707368
brethren,covet,7.935070790707368
brethren,greet,7.935070790707368
calling,brethren,7.935070790707368
defraud,brethren,7.935070790707368
prophecy,another,7.935070790707368
spirits,another,7.935070790707368
star,another,7.935070790707368
called,art,7.9121446176736665
cause,many,7.9121446176736665
many,fathers,7.9121446176736665
came,death,7.903619434469384
except,give,7.903619434469384
had,none,7.903619434469384
had,rather,7.903619434469384
tongue,words,7.903619434469384
suffer,all,7.879238880005067
use,world,7.863974369711173
world,knew,7.863974369711173
world,princes,7.863974369711173
before,time,7.855765629654052
believe,jews,7.855765629654052
idols,temple,7.855765629654052
lest,make,7.855765629654052
vain,faith,7.855765629654052
gain,more,7.833339916961959
wherefore,meat,7.833339916961959
destroy,wisdom,7.79512303873665
glory,hair,7.79512303873665
image,glory,7.79512303873665
same,care,7.79512303873665
same,manner,7.79512303873665
same,mind,7.79512303873665
but,now,7.791722260317288
devils,drink,7.7894209217711685
judge,angels,7.7894209217711685
spiritual,body,7.755974978599066
every,woman,7.7508703764961036
come,nought,7.729011027446459
come,speaking,7.729011027446459
end,may,7.729011027446459
home,come,7.729011027446459
may,obtain,7.729011027446459
fornicators,yet,7.684648242430184
yet,shew,7.684648242430184
power,god,7.662478052424341
conscience,sin,7.654695591447345
had,baptized,7.654695591447345
had,given,7.654695591447345
name,baptized,7.654695591447345
name,paul,7.654695591447345
paul,mine,7.654695591447345
after,evil,7.636462186695369
after,judgment,7.636462186695369
did,put,7.636462186695369
one,spirit,7.634655091871579
being,free,7.634390644501805
gain,weak,7.634390644501805
see,knowledge,7.634390644501805
well,but,7.602639009318114
are,offered,7.581105703649731
cause,woman,7.580030094333104
comely,woman,7.580030094333104
fathers,wife,7.580030094333104
neither,can,7.580030094333104
neither,fornicators,7.580030094333104
thousand,neither,7.580030094333104
unbelieving,wife,7.580030094333104
wife,unbelieving,7.580030094333104
both,jews,7.571148888277387
holy,temple,7.571148888277387
idols,through,7.571148888277387
rather,suffer,7.571148888277387
rather,take,7.571148888277387
temple,holy,7.571148888277387
spirit,power,7.556995150738237
apostleship,are,7.508627050257152
are,approved,7.508627050257152
are,buffeted,7.508627050257152
are,chastened,7.508627050257152
are,commanded,7.508627050257152
are,contentions,7.508627050257152
are,differences,7.508627050257152
are,enriched,7.508627050257152
are,fools,7.508627050257152
are,freely,7.508627050257152
are,full,7.508627050257152
are,gathered,7.508627050257152
are,labourers,7.508627050257152
are,mad,7.508627050257152
are,naked,7.508627050257152
are,necessary,7.508627050257152
are,perished,7.508627050257152
are,rich,7.508627050257152
are,secrets,7.508627050257152
are,spiritually,7.508627050257152
are,unworthy,7.508627050257152
are,washed,7.508627050257152
are,within,7.508627050257152
are,zealous,7.508627050257152
corinth,are,7.508627050257152
defamed,are,7.508627050257152
feeble,are,7.508627050257152
happened,are,7.508627050257152
heresies,are,7.508627050257152
husbandry,are,7.508627050257152
jealousy,are,7.508627050257152
naked,are,7.508627050257152
noble,are,7.508627050257152
thirst,are,7.508627050257152
thus,are,7.508627050257152
depart,husband,7.4945229992750875
heart,made,7.4945229992750875
husband,likewise,7.4945229992750875
made,servant,7.4945229992750875
please,husband,7.4945229992750875
air,there,7.48391663347863
eating,every,7.48391663347863
gave,every,7.48391663347863
hear,there,7.48391663347863
obtain,every,7.48391663347863
sing,spirit,7.48391663347863
spirit,flee,7.48391663347863
first,man,7.481367362236439
altar,say,7.4806821679321
can,say,7.4806821679321
say,hand,7.4806821679321
unlearned,say,7.4806821679321
hope,charity,7.453706834187656
nevertheless,such,7.453706834187656
brethren,know,7.437257306343403
first,apostles,7.433745450635646
company,any,7.427113764864439
any,meats,7.427113764864438
gospel,christ,7.423137211667182
altar,even,7.386101949114446
believed,even,7.386101949114446
even,father,7.386101949114446
are,called,7.377586626144527
many,are,7.377586626144527
husband,let,7.37145665601111
interpret,church,7.362130585884358
order,chapter,7.362130585884358
whole,church,7.362130585884358
done,away,7.322571485586307
paul,apollos,7.322571485586307
increase,now,7.318186138592345
offend,will,7.318186138592345
rest,will,7.318186138592345
unbelievers,now,7.318186138592345
unbelievers,will,7.318186138592345
will,temptation,7.318186138592344
down,eat,7.295855550260798
eat,tarry,7.295855550260798
hour,eat,7.295855550260798
manner,men,7.295855550260798
men,above,7.295855550260798
men,weakness,7.295855550260798
men,while,7.295855550260798
thou,bless,7.295855550260798
thou,verily,7.295855550260798
able,judge,7.288232609840662
both,grace,7.286878587231435
give,none,7.286878587231435
holy,both,7.286878587231435
lords,death,7.286878587231435
now,say,7.238533014161684
coming,was,7.20956575444991
own,hand,7.20956575444991
own,labour,7.20956575444991
working,own,7.20956575444991
seek,after,7.135620495218431
tongues,profit,7.135620495218431
coming,then,7.12690255535877
idolaters,then,7.12690255535877
miracles,then,7.12690255535877
risen,then,7.12690255535877
speak,two,7.12690255535877
then,face,7.12690255535877
then,son,7.12690255535877
then,verily,7.12690255535877
same,judgment,7.1214143417093885
word,wisdom,7.1214143417093885
bring,nothing,7.101967845125294
brother,apollos,7.101967845125294
brother,before,7.101967845125294
first,day,7.101967845125294
more,jews,7.101967845125294
nothing,before,7.101967845125294
nothing,understanding,7.101967845125294
members,christ,7.096147627078782
administrations,but,7.072697227583496
alive,but,7.072697227583496
baptize,but,7.072697227583496
but,bare,7.072697227583496
but,conduct,7.072697227583496
but,contain,7.072697227583496
but,gaius,7.072697227583496
but,greatest,7.072697227583496
but,keeping,7.072697227583496
but,laboured,7.072697227583496
but,manifestation,7.072697227583496
but,spare,7.072697227583496
but,trust,7.072697227583496
cases,but,7.072697227583496
confusion,but,7.072697227583496
covering,but,7.072697227583496
crown,but,7.072697227583496
darkly,but,7.072697227583496
defiled,but,7.072697227583496
discerned,but,7.072697227583496
distraction,but,7.072697227583496
incontinency,but,7.072697227583496
iniquity,but,7.072697227583496
instruct,but,7.072697227583496
loss,but,7.072697227583496
mad,but,7.072697227583496
miserable,but,7.072697227583496
never,but,7.072697227583496
operations,but,7.072697227583496
permit,but,7.072697227583496
presence,but,7.072697227583496
smelling,but,7.072697227583496
snare,but,7.072697227583496
spare,but,7.072697227583496
thereon,but,7.072697227583496
unclean,but,7.072697227583496
washed,but,7.072697227583496
watered,but,7.072697227583496
wickedness,but,7.072697227583496
within,but,7.072697227583496
also,between,7.069587069503764
also,celestial,7.069587069503764
also,tempted,7.069587069503764
also,ten,7.069587069503764
temptation,also,7.069587069503763
other,apostles,7.054805428598617
other,except,7.054805428598617
sake,might,7.054805428598617
such,churches,7.054805428598617
fathers,were,7.047575592536565
were,children,7.047575592536565
baptized,none,7.038647684885427
mans,conscience,7.038647684885427
body,ear,7.0234194982301945
body,seem,7.0234194982301945
communion,body,7.0234194982301945
carnal,who,6.9940279883344845
dead,become,6.9940279883344845
faithful,who,6.9940279883344845
made,free,6.9940279883344845
written,eye,6.9940279883344845
fire,know,6.971328043866825
know,house,6.971328043866825
know,labour,6.971328043866825
son,jesus,6.971328043866825
leaven,neither,6.907015179293318
neither,leaven,6.907015179293318
please,wife,6.907015179293318
unmarried,woman,6.907015179293318
wife,depart,6.907015179293318
wife,virgin,6.907015179293318
raised,faith,6.903711633401118
not,carnal,6.9018487919799085
praise,not,6.901848791979907
seek,not,6.901848791979907
another,working,6.897931650749175
brethren,declare,6.897931650749175
foundation,another,6.897931650749175
manner,another,6.897931650749175
miracles,another,6.897931650749175
revealed,another,6.897931650749175
saints,judge,6.889677824705601
set,judge,6.889677824705601
set,members,6.889677824705601
thing,offered,6.889677824705601
thing,save,6.889677824705601
yea,judge,6.889677824705601
gentiles,church,6.861982315582083
saved,chapter,6.861982315582083
sown,spiritual,6.861982315582083
spiritual,meat,6.861982315582083
fornicators,world,6.827182632916755
while,world,6.827182632916755
wherefore,give,6.8183906048130645
therefore,beloved,6.8080142341551495
therefore,unmarried,6.8080142341551495
therefore,whole,6.8080142341551495
all,baptized,6.792237130043583
foolishness,but,6.753206915135079
sake,but,6.753206915135079
profit,many,6.738287650342778
abide,after,6.7374123906197445
save,some,6.7374123906197445
set,some,6.7374123906197445
tongues,except,6.7374123906197445
before,other,6.723721003927488
done,charity,6.723721003927488
fornication,such,6.723721003927488
make,gospel,6.723721003927488
other,why,6.723721003927487
such,fornication,6.723721003927487
abuse,not,6.7050880512083975
damnation,not,6.7050880512083975
determined,not,6.7050880512083975
edify,not,6.7050880512083975
fight,not,6.7050880512083975
indeed,not,6.7050880512083975
intent,not,6.7050880512083975
not,abusing,6.7050880512083975
not,author,6.7050880512083975
not,baptize,6.7050880512083975
not,behave,6.7050880512083975
not,bid,6.7050880512083975
not,buy,6.7050880512083975
not,cover,6.7050880512083975
not,easily,6.7050880512083975
not,edified,6.7050880512083975
not,enticing,6.7050880512083975
not,excellency,6.7050880512083975
not,fruit,6.7050880512083975
not,hereby,6.7050880512083975
not,houses,6.7050880512083975
not,incontinency,6.7050880512083975
not,leave,6.7050880512083975
not,little,6.7050880512083975
not,lust,6.7050880512083975
not,meaning,6.7050880512083975
not,muzzle,6.7050880512083975
not,permitted,6.7050880512083975
not,quickened,6.7050880512083975
not,seeking,6.7050880512083975
not,servants,6.7050880512083975
not,touch,6.7050880512083975
not,unrighteous,6.7050880512083975
permission,not,6.7050880512083975
possessed,not,6.7050880512083975
rejoiced,not,6.7050880512083975
unjust,not,6.7050880512083975
unrighteous,not,6.7050880512083975
unseemly,not,6.7050880512083975
vineyard,not,6.7050880512083975
wept,not,6.7050880512083975
comely,may,6.6929142780654445
may,learn,6.6929142780654445
circumcised,let,6.688553324329725
hunger,let,6.688553324329725
interpretation,let,6.688553324329725
let,acknowledge,6.688553324329725
let,remain,6.688553324329725
let,walk,6.688553324329725
let,women,6.688553324329725
require,let,6.688553324329725
shaven,let,6.688553324329725
strong,let,6.688553324329725
god,speak,6.681124436586662
angels,men,6.623881759660614
men,angels,6.623881759660614
both,raised,6.620481013542735
through,knowledge,6.620481013542735
save,husband,6.596166624373781
though,had,6.596166624373781
who,known,6.596166624373781
all,speak,6.579554020386776
given,more,6.570852883313877
spiritual,but,6.568336656694897
make,members,6.558940080568894
members,suffer,6.558940080568894
take,members,6.558940080568894
crucified,was,6.537939125802859
own,order,6.537939125802859
own,reward,6.537939125802859
preaching,was,6.537939125802859
was,child,6.537939125802859
apostle,yet,6.512178718760962
saved,yet,6.512178718760962
yet,carnal,6.512178718760962
church,came,6.4644677523878915
church,had,6.4644677523878915
concerning,spiritual,6.4644677523878915
reward,then,6.455623148935938
then,idol,6.455623148935938
bless,spirit,6.449210583852054
every,hour,6.449210583852054
every,place,6.449210583852054
house,there,6.449210583852054
teach,every,6.449210583852054
lord,chapter,6.4451028556124825
none,other,6.440837064607248
through,gospel,6.440837064607248
better,neither,6.408254473006858
better,wife,6.408254473006858
nevertheless,neither,6.408254473006858
woman,nevertheless,6.408254473006858
woman,pray,6.408254473006858
edifying,any,6.392755541326261
hand,any,6.392755541326261
learn,any,6.392755541326261
let,not,6.384369722608793
member,were,6.376643468628776
whole,were,6.376643468628776
conscience,being,6.373289972575726
weak,conscience,6.373289972575726
greet,one,6.36956291833383
one,air,6.36956291833383
one,kind,6.36956291833383
one,lay,6.36956291833383
one,satan,6.36956291833383
one,star,6.36956291833383
supper,one,6.36956291833383
first,all,6.354877461224566
called,gods,6.341119948060383
gods,many,6.341119948060383
commandment,lord,6.337123909359802
commandments,lord,6.337123909359802
lord,gave,6.337123909359802
lord,heaven,6.337123909359802
lord,ordained,6.337123909359802
lord,unworthily,6.337123909359802
will,not,6.335245136592291
eye,say,6.309600569342997
out,therefore,6.309600569342997
partakers,power,6.309600569342997
thanks,therefore,6.309600569342997
power,kingdom,6.3096005693429955
say,praise,6.3096005693429955
ignorant,know,6.300743262789803
thereof,know,6.300743262789803
believed,now,6.284523748757943
edifying,now,6.284523748757943
face,now,6.284523748757943
ghost,now,6.284523748757943
heavenly,now,6.284523748757943
now,beseech,6.284523748757943
will,destroy,6.284523748757943
will,learn,6.284523748757943
will,tarry,6.284523748757943
dead,why,6.266122421641646
though,preach,6.266122421641646
who,bring,6.266122421641646
christ,afterward,6.2429142106264415
christ,sent,6.2429142106264415
christ,stewards,6.2429142106264415
cross,christ,6.2429142106264415
ministers,christ,6.2429142106264415
perish,christ,6.2429142106264415
tempt,christ,6.2429142106264415
testimony,christ,6.2429142106264415
neither,let,6.235412069363063
another,word,6.227694272835914
beloved,brethren,6.227694272835914
wisdom,words,6.22513895187372
carnal,even,6.215714493700842
die,even,6.215714493700842
world,angels,6.157292718520161
weak,brother,6.154072934130985
die,thou,6.1261623585027545
marry,thou,6.1261623585027545
men,see,6.1261623585027545
peace,thou,6.1261623585027545
thou,marry,6.1261623585027545
thou,receive,6.1261623585027545
keep,under,6.1248309892068615
but,believe,6.074234241063225
but,preach,6.074234241063225
part,but,6.074234241063225
not,seen,6.0645650156628506
there,come,6.049100638787501
therefore,let,6.0474757126158085
one,glory,6.046131168532754
according,own,6.040566946869367
receive,own,6.040566946869367
seek,own,6.040566946869367
also,bear,6.037665323823453
manner,also,6.037665323823453
reign,also,6.037665323823453
son,also,6.037665323823453
teach,also,6.037665323823453
come,pass,6.02371947185353
leaven,may,6.02371947185353
may,interpret,6.02371947185353
order,come,6.02371947185353
run,may,6.02371947185353
foolishness,neither,6.012127714538217
neither,churches,6.012127714538217
save,wife,6.012127714538217
law,before,6.011769527314931
body,cause,5.991846063244401
body,two,5.991846063244401
made,none,5.984278884635989
though,give,5.984278884635989
who,both,5.984278884635989
written,death,5.984278884635989
gospel,wherefore,5.9751225266003285
nothing,charity,5.9751225266003285
all,knowledge,5.96784454819085
life,then,5.958598252519568
prophets,speak,5.958598252519568
then,must,5.958598252519568
acknowledge,things,5.9581400359666015
confound,things,5.9581400359666015
eating,things,5.9581400359666015
foolish,things,5.9581400359666015
hidden,things,5.9581400359666015
live,things,5.9581400359666015
nought,things,5.9581400359666015
things,live,5.9581400359666015
things,write,5.9581400359666015
things,wrote,5.9581400359666015
touching,things,5.9581400359666015
being,weak,5.957203564801908
knowledge,knowledge,5.957203564801908
knowledge,weak,5.957203564801908
concerning,therefore,5.913820912576789
say,had,5.913820912576789
wisdom,but,5.907381032557532
man,examine,5.880232062207318
man,hunger,5.880232062207318
man,lay,5.880232062207318
man,seem,5.880232062207318
man,speaking,5.880232062207318
stewards,man,5.880232062207318
eye,were,5.879965915039512
were,better,5.879965915039512
were,gentiles,5.879965915039512
some,conscience,5.878680350555009
even,present,5.820281998889936
abide,even,5.820281998889935
more,members,5.811382005554247
judge,nothing,5.811382005554246
burned,have,5.805323891686079
have,been,5.805323891686079
have,fellowship,5.805323891686079
have,sent,5.805323891686079
have,ten,5.805323891686079
have,used,5.805323891686079
mortal,have,5.805323891686079
apostle,jesus,5.804413112362563
spirit,word,5.7814067191922724
weak,might,5.778600018178805
paul,who,5.738475167062095
spiritual,things,5.7360116400909495
praise,brethren,5.731711585930601
called,both,5.730619892650317
lords,many,5.730619892650317
many,lords,5.730619892650317
any,having,5.725299563258587
only,any,5.725299563258586
reward,any,5.725299563258586
thereof,any,5.725299563258586
have,written,5.702457416514911
let,eat,5.7007887665648465
neither,jews,5.6838184182344165
shame,woman,5.6838184182344165
out,world,5.661657555506377
wherefore,tongues,5.660503894861748
tongues,more,5.660503894861747
covered,let,5.6597685608260155
own,name,5.645828956796027
married,will,5.617763725462561
will,only,5.617763725462561
glory,none,5.615332919204063
chapter,paul,5.6078170583283775
brethren,not,5.595753748670736
believe,therefore,5.585858778227919
power,faith,5.585858778227919
vain,therefore,5.585858778227919
except,speak,5.564207605273046
seen,then,5.564207605273046
come,see,5.528779537839714
manifest,come,5.528779537839714
may,prophesy,5.528779537839714
may,receive,5.528779537839714
peace,may,5.528779537839714
seek,may,5.528779537839714
nothing,though,5.520645692632671
written,first,5.520645692632671
but,rather,5.511288008874252
gifts,but,5.511288008874251
yet,give,5.506593029326732
gifts,yet,5.506593029326731
idols,even,5.4926670867628395
were,present,5.485922670959199
paul,called,5.485510197812836
knowledge,some,5.464675288783214
other,judge,5.4372967739346745
good,know,5.410717331800049
know,saints,5.410717331800049
name,jesus,5.410717331800049
save,jesus,5.410717331800049
seen,jesus,5.410717331800049
before,eat,5.403809456303401
idols,eat,5.403809456303401
take,eat,5.403809456303401
think,men,5.403809456303401
why,thou,5.403809456303401
not,believe,5.397742830167293
brother,church,5.390334625374795
church,first,5.390334625374795
church,wherefore,5.390334625374795
spiritual,first,5.390334625374795
earthy,also,5.372646247715412
preached,also,5.372646247715412
also,delivered,5.372646247715411
also,resurrection,5.372646247715411
care,one,5.34392006506926
one,unlearned,5.34392006506926
tarry,one,5.34392006506926
while,one,5.34392006506926
brethren,came,5.338363329259916
wife,but,5.336027933289394
woman,but,5.336027933289394
commandments,god,5.329834499003013
despised,god,5.329834499003013
god,always,5.329834499003013
god,forbid,5.329834499003013
god,gave,5.329834499003013
god,increase,5.329834499003013
god,ordained,5.329834499003013
god,uncovered,5.329834499003013
harlot,god,5.329834499003013
testimony,god,5.329834499003013
body,blood,5.3271753585016866
body,whole,5.3271753585016866
whole,body,5.3271753585016866
dead,raised,5.3251641280282564
knowledge,though,5.3251641280282564
fornication,own,5.318908670014756
coming,lord,5.3118304621029875
father,lord,5.3118304621029875
joined,lord,5.3118304621029875
mind,lord,5.3118304621029875
while,lord,5.3118304621029875
say,cup,5.306097670912198
all,sleep,5.291889568183263
all,teachers,5.291889568183263
been,all,5.2918895681832625
bestow,all,5.2918895681832625
cloud,all,5.2918895681832625
commandment,all,5.2918895681832625
understand,all,5.2918895681832625
spirit,will,5.290508772493374
carnal,there,5.287857968614169
pray,spirit,5.287857968614169
prophesy,there,5.287857968614169
there,must,5.287857968614169
after,charity,5.287112685977761
other,tongues,5.287112685977761
some,other,5.287112685977761
tongues,other,5.287112685977761
but,every,5.283230055529303
but,there,5.283230055529303
brother,law,5.2683748665639705
called,brother,5.2683748665639705
law,brother,5.2683748665639705
then,take,5.237634721655322
die,any,5.232098759793414
christ,risen,5.218669347807614
christ,thank,5.218669347807614
greeks,christ,5.218669347807614
mind,christ,5.218669347807614
risen,christ,5.218669347807614
raised,spiritual,5.195200162470408
away,wife,5.159641879740626
away,woman,5.159641879740626
nothing,glory,5.153782156770676
gospel,though,5.14794862692397
now,praise,5.125258997880142
now,see,5.125258997880142
receive,now,5.125258997880142
see,now,5.125258997880142
eat,lords,5.124742974336671
law,being,5.073587565612664
law,weak,5.073587565612664
conscience,say,5.062376744473648
nothing,yet,5.04573665106817
grace,was,5.040189591212289
charity,chapter,5.01833182331993
another,faith,5.01283301734375
another,why,5.01283301734375
brethren,time,5.01283301734375
ignorant,let,4.997887013694047
let,depart,4.997887013694047
three,let,4.997887013694047
judge,who,4.985943313351236
made,drink,4.985943313351236
put,under,4.975270386150768
rather,speak,4.959263106370028
then,gifts,4.959263106370028
brother,wife,4.943548215182033
head,woman,4.943548215182033
before,world,4.943474215922956
world,lest,4.943474215922956
law,might,4.897066448685583
many,wise,4.897066448685583
every,sin,4.896944071494138
pleased,every,4.896944071494138
save,spirit,4.896944071494138
also,received,4.881882770462767
man,adam,4.860537428875561
man,can,4.860537428875561
man,cause,4.860537428875561
became,man,4.86053742887556
covered,man,4.86053742887556
teach,man,4.86053742887556
spiritual,drink,4.856673731969083
husband,put,4.836800711275937
body,eye,4.836760313310153
time,may,4.811987018868545
may,bring,4.811987018868544
may,make,4.811987018868544
yet,have,4.806141456839613
away,was,4.797510874280684
was,paul,4.797510874280684
man,have,4.791601891134878
cause,have,4.7866807830933995
corruptible,have,4.7866807830933995
feet,have,4.7866807830933995
hand,have,4.7866807830933995
have,believed,4.7866807830933995
have,fathers,4.7866807830933995
have,gift,4.7866807830933995
have,laid,4.7866807830933995
have,mind,4.7866807830933995
means,have,4.7866807830933995
miracles,have,4.7866807830933995
acknowledge,are,4.783259829170027
afterward,are,4.783259829170027
are,commandments,4.783259829170027
are,found,4.783259829170027
are,honourable,4.783259829170027
are,justified,4.783259829170027
are,least,4.783259829170027
are,mighty,4.783259829170027
are,perfect,4.783259829170027
are,sign,4.783259829170027
are,strong,4.783259829170027
are,stronger,4.783259829170027
are,subject,4.783259829170027
are,unleavened,4.783259829170027
are,worse,4.783259829170027
over,are,4.783259829170027
strong,are,4.783259829170027
teachers,are,4.783259829170027
write,are,4.783259829170027
flesh,glory,4.783168243635609
wise,wisdom,4.783168243635609
same,flesh,4.783168243635608
wisdom,wise,4.783168243635608
body,there,4.758369669950671
gifts,brethren,4.735504154951891
judged,another,4.735504154951891
tongue,brethren,4.735504154951891
another,gifts,4.73550415495189
another,mans,4.73550415495189
known,now,4.7353893054487735
will,abide,4.7353893054487735
will,set,4.7353893054487735
then,baptized,4.716931913333823
say,things,4.71134127482442
dead,dead,4.698678318915284
such,are,4.687381552945103
one,interpret,4.685180976694333
wherefore,eat,4.666665338837222
world,none,4.666493058679524
again,lord,4.653440840792757
blood,lord,4.653440840792757
crucified,lord,4.653440840792757
delivered,lord,4.653440840792757
please,lord,4.653440840792757
were,baptized,4.639689550722123
drink,same,4.622204777629646
same,thing,4.622204777629646
neither,have,4.61724554556255
fornication,every,4.5738485424919295
chapter,though,4.5701033628795695
away,know,4.56552696445599
knowledge,even,4.561430173087752
blood,christ,4.5613284942232974
christs,christ,4.5613284942232974
order,christ,4.5613284942232974
may,give,4.5357014533208755
rather,may,4.5357014533208755
any,believe,4.518785409556159
any,time,4.518785409556159
lest,any,4.518785409556159
members,yet,4.515201300436152
let,become,4.510261612409948
let,prophets,4.510261612409948
paul,another,4.494215896064796
came,also,4.493754631613148
god,now,4.492576400441291
together,therefore,4.478100747626833
after,same,4.474104204061753
after,wisdom,4.474104204061753
world,away,4.4255525653964565
thing,neither,4.414055074059695
now,faith,4.413338162897748
will,make,4.413338162897748
air,but,4.3590446300086505
but,covet,4.3590446300086505
but,ministers,4.3590446300086505
but,rest,4.3590446300086505
but,unleavened,4.3590446300086505
but,worse,4.3590446300086505
despise,but,4.3590446300086505
died,but,4.3590446300086505
grain,but,4.3590446300086505
honourable,but,4.3590446300086505
justified,but,4.3590446300086505
meats,but,4.3590446300086505
necessity,but,4.3590446300086505
nought,but,4.3590446300086505
shorn,but,4.3590446300086505
sleep,but,4.3590446300086505
taken,but,4.3590446300086505
terrestrial,but,4.3590446300086505
worse,but,4.3590446300086505
know,head,4.351865967449333
know,nothing,4.351865967449333
christ,lord,4.3276700165978195
gift,god,4.318919511048062
god,moreover,4.318919511048062
god,revealed,4.318919511048062
mysteries,god,4.318919511048062
weakness,god,4.318919511048062
judge,say,4.318179672195794
therefore,judge,4.318179672195793
flesh,men,4.299525759317374
men,might,4.299525759317374
men,other,4.299525759317374
together,eat,4.299525759317374
tongue,spirit,4.298954886530327
evil,things,4.283553446531959
unmarried,things,4.283553446531959
adam,all,4.281678619662058
all,fathers,4.281678619662058
all,means,4.281678619662058
all,mysteries,4.281678619662058
down,all,4.281678619662058
house,all,4.281678619662058
learn,all,4.281678619662058
mysteries,all,4.281678619662058
place,all,4.281678619662058
truth,all,4.281678619662058
other,own,4.216362592604512
world,wherefore,4.212587160087114
heart,man,4.207747601245585
natural,man,4.207747601245585
gentiles,one,4.200698582870768
partakers,one,4.200698582870768
prophesy,one,4.200698582870768
also,make,4.173445345997921
also,vain,4.173445345997921
think,also,4.173445345997921
after,say,4.171121670331846
say,some,4.171121670331846
therefore,put,4.171121670331846
under,power,4.171121670331846
lord,die,4.169307975111294
received,lord,4.169307975111294
glory,god,4.159411905775746
men,judge,4.140299912886339
both,will,4.139489075206839
through,will,4.139489075206839
will,keep,4.139489075206839
angels,have,4.134942664518307
have,crucified,4.134942664518307
have,delivered,4.134942664518307
have,ignorant,4.134942664518307
have,preached,4.134942664518307
have,reward,4.134942664518307
preached,have,4.134942664518307
husband,wife,4.130264413239384
wife,husband,4.130264413239384
body,bring,4.129019935119453
body,think,4.129019935119453
saints,let,4.1252720967046965
are,under,4.111517717545128
some,are,4.111517717545128
tongues,are,4.111517717545128
law,same,4.090310681330327
received,christ,4.0782445796173965
such,were,4.060627318658785
given,every,4.0601022577329875
dead,say,4.0350842403749345
lord,but,4.014094238153415
baptized,any,4.005735443020376
defraud,not,4.003577264014562
feast,not,4.003577264014562
flock,not,4.003577264014562
forbid,not,4.003577264014562
knew,not,4.003577264014562
mighty,not,4.003577264014562
milk,not,4.003577264014562
mystery,not,4.003577264014562
not,altogether,4.003577264014562
not,commandment,4.003577264014562
not,company,4.003577264014562
not,discerning,4.003577264014562
not,hear,4.003577264014562
not,meet,4.003577264014562
not,milk,4.003577264014562
not,old,4.003577264014562
not,rejoice,4.003577264014562
not,use,4.003577264014562
not,used,4.003577264014562
sign,not,4.003577264014562
tempt,not,4.003577264014562
uncovered,not,4.003577264014562
write,not,4.003577264014562
men,after,3.9939372608784254
tongues,men,3.993937260878425
might,know,3.9875080292371203
have,own,3.9628224229511018
but,all,3.939189924387197
but,other,3.929851697755749
another,flesh,3.9172404391310347
brethren,flesh,3.9172404391310347
all,yet,3.900165183360005
are,made,3.861514992026444
written,men,3.8585953016807446
give,body,3.8572616220815292
lords,body,3.8572616220815292
head,every,3.8492250802345933
fornication,let,3.808101981606298
carnal,things,3.8039700141450377
things,gentiles,3.8039700141450377
things,life,3.8039700141450377
any,brother,3.7952065155686405
lord,mine,3.7878116050063317
god,neither,3.784710512370651
above,are,3.783993303400173
altar,are,3.783993303400173
are,heavenly,3.783993303400173
are,house,3.783993303400173
are,unlearned,3.783993303400173
bodies,are,3.783993303400173
divisions,are,3.783993303400173
father,are,3.783993303400173
labour,are,3.783993303400173
speech,are,3.783993303400173
own,husband,3.7764754318106144
was,written,3.7764754318106144
were,under,3.7571255953513054
not,eat,3.742297748327627
man,profit,3.729215509342259
man,receive,3.729215509342259
man,see,3.729215509342259
man,seek,3.729215509342259
gospel,may,3.721612739936929
dead,then,3.6979828832979327
husband,speak,3.6979828832979327
though,speak,3.6979828832979327
who,then,3.6979828832979327
sin,christ,3.697797344002063
judge,world,3.6924820600340937
god,did,3.6749108707116758
word,god,3.6749108707116758
neither,yet,3.6692539163809865
baptized,also,3.6652730040183874
have,hope,3.6574624660515562
have,praise,3.6574624660515562
have,sown,3.6574624660515562
hope,have,3.6574624660515562
nevertheless,have,3.6574624660515562
all,interpret,3.6383741427008918
ignorant,all,3.6383741427008918
please,all,3.6383741427008918
run,all,3.6383741427008918
servant,all,3.6383741427008918
husband,were,3.622827295943635
though,were,3.622827295943635
things,god,3.6187035698469545
thou,called,3.615359315784416
another,after,3.615130504301036
tongues,another,3.615130504301036
weak,any,3.607026767156666
church,speak,3.572884677385377
neither,woman,3.5705416263337155
woman,neither,3.5705416263337155
jesus,who,3.5507518478861884
world,after,3.5482069093076927
not,own,3.5397343116627686
let,keep,3.539134772386262
tongue,let,3.539134772386262
was,called,3.5339352796198202
things,all,3.51210408818205
eat,same,3.5052852036850792
thou,glory,3.5052852036850792
wisdom,men,3.5052852036850792
one,before,3.5048266138914923
one,day,3.5048266138914923
flesh,spirit,3.4904362345190902
such,every,3.4904362345190902
together,every,3.4904362345190902
together,spirit,3.4904362345190902
another,who,3.481528280773122
time,lord,3.4741352457155337
god,even,3.4547279843280343
any,other,3.4371143519139253
charity,any,3.437114351913925
concerning,things,3.4270238735245755
yea,things,3.4270238735245755
things,offered,3.427023873524575
things,present,3.427023873524575
things,yea,3.427023873524575
are,law,3.4205635337261655
are,many,3.4205635337261655
men,yet,3.4017590811113325
apollos,christ,3.3851703026845623
christ,make,3.3851703026845623
preach,christ,3.3851703026845623
say,therefore,3.3840075493637367
were,called,3.3816791744046704
but,some,3.37746085607784
tongues,but,3.37746085607784
children,but,3.3714948074054165
divisions,but,3.3714948074054165
feet,but,3.3714948074054165
mysteries,but,3.3714948074054165
way,but,3.3714948074054165
but,became,3.371494807405416
but,prophesying,3.371494807405416
but,unbelieving,3.371494807405416
man,abide,3.3533208934618792
man,save,3.3533208934618792
sin,man,3.3533208934618792
speak,same,3.346760649659882
every,thing,3.3353868448528003
members,every,3.3353868448528003
thing,there,3.3353868448528003
wise,will,3.3351505157710726
charity,not,3.3141453176115494
jesus,called,3.3102999233793007
thou,wife,3.3040908140568224
wife,thou,3.3040908140568224
lord,will,3.2918899278706357
come,who,3.289033740989553
judge,any,3.2824133943044194
bread,one,3.2390040594164975
body,being,3.228413063577823
neither,was,3.2237109825849877
own,wife,3.2237109825849872
power,eat,3.2116939764317483
therefore,eat,3.2116939764317483
grace,lord,3.208662402730817
lord,both,3.208662402730817
lord,cup,3.208662402730817
through,lord,3.208662402730817
god,out,3.205161508563031
love,god,3.205161508563031
peace,god,3.205161508563031
praise,god,3.205161508563031
pray,god,3.205161508563031
prophets,god,3.205161508563031
jesus,same,3.2016182053890248
are,not,3.198534397006652
some,there,3.193201376516704
tongues,there,3.193201376516704
all,die,3.1693290679102915
all,partakers,3.1693290679102915
all,prophets,3.1693290679102915
free,all,3.169329067910291
last,all,3.169329067910291
church,may,3.1660244899247107
come,chapter,3.1660244899247107
god,was,3.1613006457439434
are,earthy,3.151635181476804
servant,are,3.151635181476804
then,neither,3.146958775289943
but,husband,3.13919775874815
husband,but,3.13919775874815
christ,now,3.137694979175981
wisdom,another,3.1334392065479184
own,power,3.131662334374575
christ,bread,3.1207469612114203
christ,through,3.1207469612114203
things,day,3.1178985401918506
things,lest,3.1178985401918506
things,shame,3.1178985401918506
things,temple,3.1178985401918506
also,might,3.103971537545867
let,first,3.101260959545332
world,glory,3.067908490524519
though,there,3.062037328150333
body,together,3.061289805945341
say,then,3.055258377128112
many,may,3.0513678169735288
man,make,3.0452472691814556
man,take,3.0452472691814556
are,yet,3.042890120255232
now,some,3.0400067966345095
judge,not,3.036072659843312
not,judge,3.036072659843312
care,not,3.028171420175879
epistle,not,3.028171420175879
prophesying,not,3.028171420175879
not,bodies,3.0281714201758785
not,children,3.0281714201758785
not,covered,3.0281714201758785
not,hand,3.0281714201758785
not,speech,3.0281714201758785
baptized,one,3.0092241147870453
not,know,2.9997488899405838
part,have,2.9755985661629136
shame,have,2.9755985661629136
let,all,2.953287227527273
judge,also,2.9517113054881463
every,church,2.9404219267847878
power,know,2.9122056151194773
say,jesus,2.9122056151194773
therefore,know,2.9122056151194773
who,will,2.9098885910698833
written,will,2.9098885910698833
christ,are,2.900513627350924
were,even,2.89560875484249
not,all,2.8666359232528844
holy,things,2.85697751991047
none,things,2.85697751991047
things,keep,2.856977519910469
abide,god,2.838051165433974
churches,god,2.838051165433974
god,foolishness,2.838051165433974
pleased,god,2.838051165433974
were,all,2.8375702338056543
called,every,2.827159346425745
know,even,2.8259710573957646
men,were,2.813360975606609
speak,own,2.807092526792993
saints,all,2.8029231361685616
church,now,2.789319214835555
lord,wherefore,2.777779154482153
any,called,2.7755802314470106
under,body,2.7703316470507247
god,not,2.760517983061738
let,other,2.7543322429842876
but,depart,2.750855469041449
but,natural,2.750855469041449
child,but,2.750855469041449
delivered,but,2.750855469041449
member,but,2.750855469041449
need,but,2.750855469041449
reward,but,2.750855469041449
sanctified,but,2.750855469041449
three,but,2.750855469041449
word,but,2.750855469041449
but,many,2.7217318231972696
both,have,2.716781886282708
have,judged,2.716781886282708
say,are,2.7150958744581506
able,are,2.693538394692239
are,better,2.693538394692239
are,partakers,2.693538394692239
become,are,2.693538394692239
christ,head,2.691963266875648
christ,wherefore,2.691963266875648
head,christ,2.691963266875648
who,also,2.6839415630695918
also,husband,2.6839415630695913
things,now,2.6832643240483987
another,thou,2.6776349324833375
men,another,2.6776349324833375
men,brethren,2.6776349324833375
law,will,2.6771028419981615
are,also,2.675797850830361
body,christ,2.6687360915971463
thing,let,2.6052144696831343
lord,being,2.598676841597051
then,know,2.591817356717943
husband,not,2.559988495326663
god,shame,2.538763357451037
god,take,2.538763357451037
think,god,2.538763357451037
but,same,2.5376803055235424
wife,there,2.5284333110081674
then,brethren,2.526077807567365
know,were,2.5208418632073872
christ,being,2.513911006522143
christ,raised,2.513911006522143
raised,christ,2.513911006522143
all,faith,2.504339863638788
all,why,2.504339863638788
have,given,2.4940090435217157
come,thou,2.4935034920748267
yet,now,2.473956485669721
tongues,let,2.4689616527181197
one,flesh,2.4667856456824833
one,other,2.4667856456824833
together,one,2.466785645682483
also,law,2.4546453021726347
now,have,2.44731017036904
say,every,2.440218752515778
spirit,therefore,2.440218752515778
therefore,there,2.440218752515778
more,things,2.435200308432378
not,inherit,2.41967822973931
not,run,2.41967822973931
not,stand,2.41967822973931
devils,not,2.4196782297393096
evil,not,2.4196782297393096
run,not,2.4196782297393096
any,say,2.3900349458753904
power,any,2.3900349458753904
man,head,2.365705271133499
christ,might,2.354127848021072
other,christ,2.354127848021072
same,also,2.351542874713524
come,then,2.344038964665126
let,husband,2.343731291094157
apostles,are,2.338082684610832
are,foolishness,2.338082684610832
yea,are,2.338082684610832
drink,one,2.320815276429243
members,one,2.320815276429243
able,but,2.304479546946976
better,but,2.304479546946976
but,meat,2.304479546946976
but,peace,2.304479546946976
but,profit,2.304479546946976
but,thanks,2.304479546946976
faithful,but,2.304479546946976
love,but,2.304479546946976
profit,but,2.304479546946976
have,more,2.299214462995454
have,nothing,2.299214462995454
power,will,2.2943489033962883
now,therefore,2.294348903396288
will,say,2.294348903396288
all,one,2.292299189607283
all,come,2.2884428382808495
all,may,2.2884428382808495
god,both,2.287681590984717
god,give,2.287681590984717
weak,things,2.2606522101740625
all,gifts,2.2539627567431864
judged,all,2.2539627567431864
chapter,let,2.22805061219858
church,let,2.22805061219858
spiritual,let,2.22805061219858
christ,members,2.2095579164660517
spirit,was,2.2025140680050317
world,world,2.199472503185432
man,knowledge,2.1922096198382732
one,after,2.187710413953341
not,law,2.1668648581781063
also,wife,2.164295500750283
not,are,2.162055070656093
but,one,2.1485700609078995
come,brethren,2.144313483756692
are,are,2.1414877893106556
now,thou,2.1338892571553063
will,eat,2.1338892571553063
then,every,2.130991989227325
have,knowledge,2.126771812780515
things,charity,2.104373827838797
world,come,2.0833163355063022
world,may,2.0833163355063022
also,have,2.0786229739676183
god,baptized,2.072645021625318
one,though,2.065628557447633
but,power,2.0632602957246107
but,say,2.0632602957246107
own,will,2.0597861286086214
will,was,2.0597861286086214
apollos,are,2.0504515680784516
are,temple,2.0504515680784516
are,vain,2.0504515680784516
jews,are,2.0504515680784516
temple,are,2.0504515680784516
vain,are,2.0504515680784516
why,are,2.0504515680784516
lord,who,2.037736594862868
wise,man,2.036983869107532
let,glory,2.020766567161105
not,wisdom,1.9949877582207476
then,will,1.989311718798085
will,speak,1.989311718798085
eye,not,1.9854506255137272
love,not,1.9854506255137272
marry,not,1.9854506255137272
not,able,1.9854506255137272
not,become,1.9854506255137272
not,better,1.9854506255137272
not,eye,1.9854506255137272
not,free,1.9854506255137272
not,meat,1.9854506255137272
not,puffed,1.9854506255137272
not,receive,1.9854506255137272
not,received,1.9854506255137272
not,see,1.9854506255137272
not,well,1.9854506255137272
profit,not,1.9854506255137272
received,not,1.9854506255137272
gospel,have,1.9725992479644565
such,have,1.9725992479644565
wise,have,1.9725992479644565
come,come,1.9685568159008964
may,come,1.9685568159008964
but,present,1.9607467834237022
but,sin,1.9607467834237022
present,but,1.9607467834237022
christ,who,1.9571728085537166
know,any,1.9496165211817649
another,there,1.9354560870088506
lord,church,1.9255551732781138
also,thou,1.9219074937224887
another,any,1.8877164147567609
god,brother,1.8855880749677423
spirit,world,1.8758559527027745
world,there,1.8758559527027745
now,know,1.8581211548742165
will,know,1.8581211548742165
more,all,1.8532789323874048
law,one,1.848919719653761
one,many,1.848919719653761
christ,chapter,1.84604235914417
wife,let,1.8398112508383548
drink,have,1.8336408939770306
members,have,1.8336408939770306
lord,called,1.8217282211365162
are,holy,1.811028552199094
are,judged,1.811028552199094
death,are,1.811028552199094
judged,are,1.811028552199094
but,thou,1.7993129751516599
men,but,1.7993129751516599
now,brethren,1.7969199215237945
also,speak,1.7808243209586267
then,also,1.7808243209586267
man,put,1.7698269707427006
some,man,1.7698269707427006
spirit,may,1.7638911930631773
world,are,1.7448776960232717
law,christ,1.743266563300903
lord,glory,1.7252714801159992
same,lord,1.7252714801159992
knowledge,god,1.7208844195667845
written,things,1.7179368033994948
some,have,1.7075492761910167
not,wife,1.6915006375092387
wife,not,1.6915006375092387
apollos,but,1.6848406960640019
believe,but,1.6848406960640019
but,suffer,1.6848406960640019
but,take,1.6848406960640019
but,understanding,1.6848406960640019
fornication,but,1.6848406960640019
time,but,1.6848406960640019
vain,but,1.6848406960640019
own,but,1.6801956681502133
body,were,1.6776445844054828
were,body,1.6776445844054828
came,not,1.6538683505690785
not,good,1.6538683505690785
not,mine,1.6538683505690785
not,sake,1.6538683505690785
sin,not,1.6538683505690785
man,who,1.6537058479769882
let,man,1.6514541143011217
lord,yet,1.6353651063823238
now,come,1.6285007809550658
body,know,1.6156877901984086
things,spiritual,1.6103135885682536
are,baptized,1.6076527932886835
are,paul,1.6076527932886835
have,made,1.5924818942317027
god,might,1.5744522109893915
god,such,1.5744522109893915
other,god,1.5744522109893915
together,god,1.5744522109893915
wise,god,1.5744522109893915
but,speak,1.5686716766611482
but,then,1.5686716766611482
spirit,spirit,1.5648180208740745
spirit,there,1.5648180208740745
christ,yet,1.5590063137733419
not,say,1.5571040849962023
therefore,not,1.5571040849962023
all,flesh,1.5435532570480321
all,might,1.5435532570480321
therefore,one,1.4983364700028678
lord,therefore,1.4725466360210762
power,lord,1.4725466360210762
let,speak,1.4720798444504837
but,grace,1.457144792705475
but,holy,1.457144792705475
but,keep,1.457144792705475
holy,but,1.457144792705475
judged,but,1.457144792705475
none,but,1.457144792705475
tongue,but,1.457144792705475
man,called,1.448921613612904
god,judge,1.4432355751432593
now,there,1.433624513818483
all,drink,1.413041902001632
members,all,1.413041902001632
christ,power,1.3982914458994944
christ,therefore,1.3982914458994944
faith,not,1.390114923275244
not,before,1.390114923275244
not,bring,1.390114923275244
not,fornication,1.390114923275244
not,suffer,1.390114923275244
not,think,1.390114923275244
not,work,1.390114923275244
preach,not,1.390114923275244
temple,not,1.390114923275244
now,any,1.389381651627276
things,not,1.3773460495613379
are,one,1.358136630326738
glory,man,1.358078418962491
man,glory,1.358078418962491
things,yet,1.3338029386485608
even,christ,1.3253424890248289
under,god,1.3248870378780826
eat,not,1.3175252328150213
now,will,1.3055806132039813
will,will,1.3055806132039813
have,same,1.300016798463574
all,tongues,1.2953987699160219
under,all,1.2953987699160219
brethren,let,1.2943823608139995
brethren,but,1.2738108018920897
away,but,1.2654982304065967
things,neither,1.2543182045361063
woman,things,1.2543182045361063
spirit,are,1.2506933475993662
world,let,1.2407304464449758
god,made,1.2175640993045915
who,god,1.2175640993045915
spirit,body,1.2079861149392823
man,neither,1.1953559534706855
man,woman,1.1953559534706855
christ,was,1.1920801420875846
was,christ,1.1920801420875846
all,made,1.188781360936847
made,all,1.188781360936847
world,but,1.1871348930397558
not,keep,1.1745738522492932
tongue,not,1.1745738522492932
all,are,1.1660739641773366
are,such,1.144454780448427
are,wise,1.144454780448427
flesh,are,1.144454780448427
wise,are,1.144454780448427
christ,then,1.1310595314162066
man,say,1.122200124887246
man,therefore,1.122200124887246
also,will,1.119836403667138
will,also,1.119836403667138
god,chapter,1.1197939879137535
not,speak,1.1112611385516291
speak,not,1.1112611385516291
even,things,1.110670051468657
are,god,1.1085557700726754
but,brother,1.1018354362317613
head,but,1.1018354362317613
nothing,but,1.1018354362317613
church,all,1.091716903607691
spiritual,all,1.091716903607691
jesus,lord,1.0867214863564587
now,body,1.0862463915645937
have,power,1.0673025052376408
another,one,1.05726038890493
man,even,1.0538165782609015
eat,things,1.045570233843455
brethren,lord,1.033925834091318
god,called,1.0303808791799036
law,god,1.0303808791799036
many,god,1.0303808791799036
are,members,1.0249072017777299
judge,are,1.0249072017777299
thing,are,1.0249072017777299
not,baptized,0.995084295323694
not,conscience,0.995084295323694
man,thou,0.9897714275647784
thou,man,0.9897714275647784
but,have,0.9842568308766135
god,let,0.967540243486996
weak,but,0.960530080203976
god,same,0.9483405156643885
god,wisdom,0.9483405156643885
same,god,0.9483405156643885
christ,not,0.946167887674167
not,christ,0.946167887674167
eat,have,0.936984069130006
men,have,0.936984069130006
was,man,0.9296874574795029
all,glory,0.9216751130545731
are,put,0.9182297851997443
lord,come,0.8907322721169644
lord,may,0.8907322721169644
man,speak,0.8732346632801542
things,were,0.8727563788371886
yet,all,0.8468936795417408
not,first,0.843580680338734
but,charity,0.8375003193593162
but,such,0.8375003193593162
gospel,but,0.8375003193593162
lord,not,0.8258403192767818
are,dead,0.822580031546543
are,written,0.822580031546543
who,are,0.822580031546543
then,have,0.8225583085232522
know,things,0.8216729892013273
one,not,0.7867923439585502
man,things,0.7772692225765137
things,brethren,0.7734451534077162
but,spirit,0.763608262867739
spirit,but,0.763608262867739
not,but,0.751251537279332
one,every,0.750387002611717
god,therefore,0.7388800176102519
but,members,0.7296902810811907
thing,but,0.7296902810811907
lord,there,0.7295107448626186
world,things,0.7278690927270559
have,know,0.7215300973865026
jesus,have,0.7215300973865026
being,not,0.7144366781001275
not,knowledge,0.7144366781001275
not,raised,0.7144366781001275
raised,not,0.7144366781001275
lord,any,0.6936852559238103
let,also,0.6908863072297122
brethren,have,0.6754140083880691
not,let,0.6682812647449028
law,are,0.6587493768843617
even,all,0.6554649619783228
not,come,0.64457615677011
things,come,0.6439598578251291
but,under,0.6347524926884027
some,but,0.6347524926884027
lord,now,0.6267233935695089
flesh,not,0.6035704464188425
gospel,not,0.6035704464188425
not,gospel,0.6035704464188425
not,together,0.6035704464188425
not,wise,0.6035704464188425
together,not,0.6035704464188425
all,eat,0.600936924789538
men,all,0.600936924789538
wisdom,are,0.5883883953806048
now,christ,0.5703786649240534
dead,but,0.5508444557644605
christ,but,0.5322971902105595
speak,god,0.525160010543154
then,all,0.5034394209767983
things,spirit,0.5010272692086657
christ,all,0.488631670172861
lord,also,0.4831029875049129
god,god,0.4681292181987502
wife,are,0.4666412091475094
lord,body,0.45794217395788595
spirit,man,0.45789894747445703
not,have,0.44303017031359415
all,but,0.44150200849264687
god,jesus,0.43965210122683995
not,put,0.42515620730822334
not,some,0.42515620730822334
not,under,0.42515620730822334
know,all,0.4193454388707927
have,spirit,0.41778876633864304
spirit,have,0.41778876633864304
now,things,0.4119650693909338
called,but,0.4105035031684253
law,but,0.4105035031684253
many,but,0.4105035031684253
all,brethren,0.3816987052916113
man,will,0.372008553970107
god,world,0.36559784832203857
not,dead,0.35341823033801956
not,husband,0.35341823033801956
though,not,0.35341823033801956
written,not,0.35341823033801956
but,glory,0.3518905084787953
glory,but,0.3518905084787953
not,one,0.3234587855324107
eat,are,0.32254675373834474
men,are,0.32254675373834474
god,but,0.31217971073761186
let,one,0.30615607740847983
god,may,0.30144522461241696
yet,but,0.2998345747500206
god,things,0.2974376024904615
lord,let,0.2912625797235121
things,also,0.29123602891245004
come,all,0.2839679169596513
may,all,0.2839679169596513
own,are,0.2829667193660401
man,also,0.25656958625613047
but,wife,0.2536455711802601
christ,let,0.24970789324455134
are,then,0.2470214857875258
man,not,0.22864960766088394
power,but,0.21273707487695215
god,every,0.19804678092454342
god,spirit,0.19804678092454342
not,same,0.19098753698149273
know,are,0.18490752908684982
spirit,all,0.18340083070041124
have,all,0.1780903567383263
all,have,0.17420152993698668
not,things,0.17262395642961437
lord,are,0.16630805133940618
one,lord,0.16176426928924026
god,have,0.15614200077635865
have,god,0.15614200077635865
lord,lord,0.15039842046913832
but,let,0.14468107430461652
now,god,0.13865351642669932
will,god,0.13865351642669932
god,are,0.13470352363844595
are,world,0.13425552383835093
all,will,0.1261324002707942
now,all,0.1261324002707942
god,man,0.12390446438222869
not,woman,0.11710233849546459
are,come,0.09351344870661593
speak,but,0.09281811084625136
say,not,0.08837698479539458
not,even,0.06443181105042262
all,also,0.058430442867203614
body,god,0.05672942348003013
know,but,0.05423573130664694
body,all,0.04846136465610479
not,spirit,0.046933025364086556
things,lord,0.04570292462341019
not,men,0.04483293403906896
not,thou,0.04483293403906896
are,let,0.04438426998494066
not,god,0.04231287731194733
man,but,0.03685927394086708
one,have,0.024339310641775025
christ,god,0.022944179829518685
but,lord,0.01997113236045528
not,then,0.01721243078776241
not,lord,0.015122358578854744
one,all,0.010954400195795189
come,but,0.009929990072643752
god,all,0.009336614233160623
christ,have,0.008891483016230411
were,not,0.008570446595549591
come,not,0.007521530041129737
not,may,0.007521530041129737
god,one,0.007147514093497759
one,god,0.007147514093497759
man,man,0.002616065430188552
are,body,0.0011689558226528618
body,are,0.0011689558226528618
world,not,0.0003074070885795144
things,man,0.00012082409323381851
