jesus,christ,85.63988591877377
saviour,jesus,34.163573164969094
lord,saviour,29.14459156248762
brotherly,kindness,28.537927433233456
elements,melt,28.537927433233456
fervent,heat,28.537927433233456
melt,fervent,28.537927433233456
second,epistle,28.537927433233456
thousand,years,28.537927433233456
knowing,first,24.718842423464576
speak,evil,20.901928966782425
through,knowledge,20.26876707970679
spared,not,17.054670521158005
all,things,16.852355076763924
knowledge,lord,15.903211253724509
abundantly,everlasting,15.656341501567052
adultery,cease,15.656341501567052
ashes,condemned,15.656341501567052
astray,following,15.656341501567052
barren,unfruitful,15.656341501567052
been,better,15.656341501567052
beware,lest,15.656341501567052
blameless,account,15.656341501567052
blemishes,sporting,15.656341501567052
blind,see,15.656341501567052
brethren,give,15.656341501567052
brother,paul,15.656341501567052
brute,beasts,15.656341501567052
calling,election,15.656341501567052
carried,tempest,15.656341501567052
cast,down,15.656341501567052
cease,sin,15.656341501567052
chiefly,walk,15.656341501567052
cities,sodom,15.656341501567052
covetous,practices,15.656341501567052
covetousness,feigned,15.656341501567052
creation,willingly,15.656341501567052
cunningly,devised,15.656341501567052
cursed,children,15.656341501567052
damnable,heresies,15.656341501567052
dark,place,15.656341501567052
days,scoffers,15.656341501567052
deliver,godly,15.656341501567052
despise,government,15.656341501567052
devised,fables,15.656341501567052
down,hell,15.656341501567052
dumb,ass,15.656341501567052
eighth,person,15.656341501567052
everlasting,kingdom,15.656341501567052
exercised,covetous,15.656341501567052
eyes,full,15.656341501567052
eyewitnesses,majesty,15.656341501567052
father,honour,15.656341501567052
fathers,fell,15.656341501567052
fell,asleep,15.656341501567052
follow,pernicious,15.656341501567052
followed,cunningly,15.656341501567052
forbad,madness,15.656341501567052
forsaken,right,15.656341501567052
full,adultery,15.656341501567052
gomorrha,ashes,15.656341501567052
gone,astray,15.656341501567052
government,presumptuous,15.656341501567052
had,been,15.656341501567052
heaven,heard,15.656341501567052
iniquity,dumb,15.656341501567052
just,lot,15.656341501567052
last,days,15.656341501567052
latter,end,15.656341501567052
loved,wages,15.656341501567052
madness,prophet,15.656341501567052
manner,persons,15.656341501567052
many,follow,15.656341501567052
ministered,abundantly,15.656341501567052
much,wantonness,15.656341501567052
natural,brute,15.656341501567052
noah,eighth,15.656341501567052
obtained,like,15.656341501567052
other,scriptures,15.656341501567052
overthrow,making,15.656341501567052
pernicious,ways,15.656341501567052
person,preacher,15.656341501567052
pertain,life,15.656341501567052
pleasure,riot,15.656341501567052
practices,cursed,15.656341501567052
private,interpretation,15.656341501567052
proverb,dog,15.656341501567052
pure,minds,15.656341501567052
railing,accusation,15.656341501567052
rather,brethren,15.656341501567052
rebuked,iniquity,15.656341501567052
receive,reward,15.656341501567052
reserve,unjust,15.656341501567052
saved,noah,15.656341501567052
scoffers,walking,15.656341501567052
see,afar,15.656341501567052
shortly,must,15.656341501567052
sin,beguiling,15.656341501567052
slack,concerning,15.656341501567052
sodom,gomorrha,15.656341501567052
spot,blameless,15.656341501567052
star,arise,15.656341501567052
take,heed,15.656341501567052
taken,destroyed,15.656341501567052
tempest,mist,15.656341501567052
temptations,reserve,15.656341501567052
true,proverb,15.656341501567052
turning,cities,15.656341501567052
uncleanness,despise,15.656341501567052
unlawful,deeds,15.656341501567052
vanity,allure,15.656341501567052
washed,wallowing,15.656341501567052
yea,think,15.656341501567052
beloved,seeing,15.37199023208311
have,known,15.199381460492928
one,day,14.307406921444143
lord,jesus,14.059417728586343
god,heavens,13.464716371383366
add,faith,12.88375277932727
afar,off,12.88375277932727
again,entangled,12.88375277932727
again,sow,12.88375277932727
angels,sinned,12.88375277932727
any,private,12.88375277932727
ass,speaking,12.88375277932727
beasts,made,12.88375277932727
beginning,creation,12.88375277932727
beguiling,unstable,12.88375277932727
chains,darkness,12.88375277932727
count,slackness,12.88375277932727
deceivings,while,12.88375277932727
destruction,many,12.88375277932727
destruction,therefore,12.88375277932727
dignities,angels,12.88375277932727
diligence,add,12.88375277932727
dissolved,manner,12.88375277932727
divine,nature,12.88375277932727
election,sure,12.88375277932727
entangled,therein,12.88375277932727
epistle,general,12.88375277932727
epistles,speaking,12.88375277932727
fables,made,12.88375277932727
false,teachers,12.88375277932727
feast,having,12.88375277932727
filthy,conversation,12.88375277932727
general,peter,12.88375277932727
give,diligence,12.88375277932727
godly,out,12.88375277932727
having,eyes,12.88375277932727
hearing,vexed,12.88375277932727
heat,nevertheless,12.88375277932727
kindness,charity,12.88375277932727
led,away,12.88375277932727
like,precious,12.88375277932727
lot,vexed,12.88375277932727
lust,giving,12.88375277932727
lust,uncleanness,12.88375277932727
lusts,saying,12.88375277932727
mist,darkness,12.88375277932727
more,sure,12.88375277932727
must,put,12.88375277932727
nature,having,12.88375277932727
negligent,put,12.88375277932727
never,fall,12.88375277932727
noise,elements,12.88375277932727
off,forgotten,12.88375277932727
out,temptations,12.88375277932727
overcome,latter,12.88375277932727
partakers,divine,12.88375277932727
pass,away,12.88375277932727
peace,spot,12.88375277932727
peter,servant,12.88375277932727
precious,promises,12.88375277932727
present,truth,12.88375277932727
reward,unrighteousness,12.88375277932727
righteous,soul,12.88375277932727
simon,peter,12.88375277932727
speaking,mans,12.88375277932727
standing,out,12.88375277932727
swift,destruction,12.88375277932727
though,know,12.88375277932727
truth,yea,12.88375277932727
unlearned,unstable,12.88375277932727
unstable,souls,12.88375277932727
unstable,wrest,12.88375277932727
utterly,perish,12.88375277932727
vexed,filthy,12.88375277932727
vomit,again,12.88375277932727
wages,unrighteousness,12.88375277932727
well,pleased,12.88375277932727
well,take,12.88375277932727
while,feast,12.88375277932727
willing,any,12.88375277932727
worse,beginning,12.88375277932727
world,through,12.849685681251934
day,judgment,12.600965301794066
abound,make,11.837256491798176
accusation,before,11.837256491798176
afraid,speak,11.837256491798176
before,beware,11.837256491798176
being,led,11.837256491798176
being,overflowed,11.837256491798176
bought,bring,11.837256491798176
bring,swift,11.837256491798176
came,heaven,11.837256491798176
chapter,simon,11.837256491798176
clean,escaped,11.837256491798176
come,repentance,11.837256491798176
coming,fathers,11.837256491798176
corruption,receive,11.837256491798176
delivered,chains,11.837256491798176
delivered,just,11.837256491798176
destroyed,speak,11.837256491798176
diligent,may,11.837256491798176
endeavour,may,11.837256491798176
escaped,pollutions,11.837256491798176
evil,dignities,11.837256491798176
exceeding,great,11.837256491798176
feigned,words,11.837256491798176
ghost,chapter,11.837256491798176
given,written,11.837256491798176
great,noise,11.837256491798176
great,swelling,11.837256491798176
hearts,knowing,11.837256491798176
hell,delivered,11.837256491798176
interpretation,prophecy,11.837256491798176
knowing,shortly,11.837256491798176
looking,coming,11.837256491798176
make,calling,11.837256491798176
make,merchandise,11.837256491798176
make,neither,11.837256491798176
man,dwelling,11.837256491798176
mans,voice,11.837256491798176
mindful,words,11.837256491798176
mire,chapter,11.837256491798176
one,thing,11.837256491798176
perdition,ungodly,11.837256491798176
pleased,voice,11.837256491798176
privily,bring,11.837256491798176
prophecy,scripture,11.837256491798176
servants,corruption,11.837256491798176
sins,wherefore,11.837256491798176
store,reserved,11.837256491798176
swelling,words,11.837256491798176
teachers,who,11.837256491798176
thing,one,11.837256491798176
time,spots,11.837256491798176
ungodly,turning,11.837256491798176
voice,excellent,11.837256491798176
voice,forbad,11.837256491798176
wherefore,rather,11.837256491798176
who,loved,11.837256491798176
who,privily,11.837256491798176
wisdom,given,11.837256491798176
words,vanity,11.837256491798176
after,have,11.426148243236636
according,true,11.157660344616994
according,wisdom,11.157660344616994
concerning,promise,11.157660344616994
earth,standing,11.157660344616994
even,denying,11.157660344616994
excellent,glory,11.157660344616994
godliness,looking,11.157660344616994
happened,according,11.157660344616994
heresies,even,11.157660344616994
honour,glory,11.157660344616994
judgment,perdition,11.157660344616994
life,godliness,11.157660344616994
merchandise,judgment,11.157660344616994
moreover,will,11.157660344616994
nevertheless,according,11.157660344616994
now,write,11.157660344616994
old,sins,11.157660344616994
overflowed,water,11.157660344616994
people,even,11.157660344616994
preacher,righteousness,11.157660344616994
promise,liberty,11.157660344616994
purged,old,11.157660344616994
righteousness,bringing,11.157660344616994
salvation,even,11.157660344616994
seeing,hearing,11.157660344616994
sow,was,11.157660344616994
was,purged,11.157660344616994
was,rebuked,11.157660344616994
was,washed,11.157660344616994
water,clouds,11.157660344616994
water,perished,11.157660344616994
wells,water,11.157660344616994
will,endeavour,11.157660344616994
flood,world,10.65231726618558
following,way,10.65231726618558
heavens,pass,10.65231726618558
pollutions,world,10.65231726618558
reason,way,10.65231726618558
right,way,10.65231726618558
able,after,10.249606995171805
after,decease,10.249606995171805
beloved,brother,10.249606995171805
bondage,after,10.249606995171805
holy,ghost,10.249606995171805
holy,mount,10.249606995171805
own,deceivings,10.249606995171805
own,vomit,10.249606995171805
scriptures,own,10.249606995171805
sporting,own,10.249606995171805
therefore,beloved,10.249606995171805
turn,holy,10.249606995171805
turned,own,10.249606995171805
walk,after,10.249606995171805
walking,after,10.249606995171805
any,perish,10.113333254910007
away,error,10.113333254910007
both,stir,10.113333254910007
conversation,wicked,10.113333254910007
dissolved,elements,10.113333254910007
error,while,10.113333254910007
error,wicked,10.113333254910007
false,prophets,10.113333254910007
grace,peace,10.113333254910007
kindness,brotherly,10.113333254910007
look,new,10.113333254910007
look,such,10.113333254910007
lusts,flesh,10.113333254910007
off,tabernacle,10.113333254910007
overcome,same,10.113333254910007
patience,patience,10.113333254910007
precious,faith,10.113333254910007
prophets,commandment,10.113333254910007
put,always,10.113333254910007
put,off,10.113333254910007
tabernacle,stir,10.113333254910007
temperance,patience,10.113333254910007
temperance,temperance,10.113333254910007
therein,overcome,10.113333254910007
vexed,righteous,10.113333254910007
wicked,fall,10.113333254910007
wicked,righteous,10.113333254910007
years,thousand,10.113333254910007
all,epistles,9.914713045529734
also,more,9.914713045529734
also,other,9.914713045529734
also,people,9.914713045529734
also,works,9.914713045529734
asleep,all,9.914713045529734
giving,all,9.914713045529734
god,father,9.914713045529734
knowledge,called,9.914713045529734
lest,also,9.914713045529734
paul,also,9.914713045529734
received,god,9.914713045529734
allure,through,9.628018921464065
christ,shewed,9.628018921464065
heard,were,9.628018921464065
multiplied,through,9.628018921464065
through,covetousness,9.628018921464065
through,much,9.628018921464065
wantonness,were,9.628018921464065
were,clean,9.628018921464065
were,eyewitnesses,9.628018921464065
were,moved,9.628018921464065
apostle,jesus,9.377363776392482
children,have,9.377363776392482
decease,have,9.377363776392482
have,exercised,9.377363776392482
have,forsaken,9.377363776392482
have,obtained,9.377363776392482
heart,have,9.377363776392482
mount,have,9.377363776392482
away,great,9.069008520467525
came,such,9.069008520467525
chapter,second,9.069008520467525
commandment,delivered,9.069008520467525
diligence,make,9.069008520467525
divine,power,9.069008520467525
ever,speak,9.069008520467525
evil,spoken,9.069008520467525
faith,virtue,9.069008520467525
great,precious,9.069008520467525
having,escaped,9.069008520467525
ignorant,one,9.069008520467525
live,ungodly,9.069008520467525
long,time,9.069008520467525
made,known,9.069008520467525
men,count,9.069008520467525
might,bring,9.069008520467525
peter,chapter,9.069008520467525
power,might,9.069008520467525
reserved,ever,9.069008520467525
reserved,fire,9.069008520467525
righteous,man,9.069008520467525
same,word,9.069008520467525
some,men,9.069008520467525
son,who,9.069008520467525
spoken,before,9.069008520467525
such,voice,9.069008520467525
sure,word,9.069008520467525
who,live,9.069008520467525
dawn,day,8.954347359883817
day,dawn,8.954347359883817
day,star,8.954347359883817
day,unlawful,8.954347359883817
place,day,8.954347359883817
soul,day,8.954347359883817
unjust,day,8.954347359883817
charity,things,8.60541780247951
things,continue,8.60541780247951
things,hard,8.60541780247951
things,never,8.60541780247951
things,pertain,8.60541780247951
things,though,8.60541780247951
things,understand,8.60541780247951
better,not,8.45141956634017
damnation,not,8.45141956634017
not,afraid,8.45141956634017
not,damnation,8.45141956634017
not,followed,8.45141956634017
not,railing,8.45141956634017
not,slack,8.45141956634017
not,utterly,8.45141956634017
not,willing,8.45141956634017
understand,not,8.45141956634017
glory,both,8.39158628675775
godliness,brotherly,8.39158628675775
judgment,spared,8.39158628675775
now,ever,8.39158628675775
now,long,8.39158628675775
promise,look,8.39158628675775
seeing,know,8.39158628675775
seeing,look,8.39158628675775
seeing,then,8.39158628675775
both,now,8.391586286757748
conversation,godliness,8.391586286757748
first,there,8.391586286757748
heat,earth,8.391586286757748
new,earth,8.391586286757748
out,water,8.391586286757748
patience,godliness,8.391586286757748
tabernacle,even,8.391586286757748
then,was,8.391586286757748
while,promise,8.391586286757748
account,lord,8.308440697727995
apostles,lord,8.308440697727995
deeds,lord,8.308440697727995
denying,lord,8.308440697727995
kingdom,lord,8.308440697727995
lord,bought,8.308440697727995
lord,deliver,8.308440697727995
are,blemishes,8.175008422960358
are,carried,8.175008422960358
are,gone,8.175008422960358
are,greater,8.175008422960358
are,kept,8.175008422960358
are,servants,8.175008422960358
are,unlearned,8.175008422960358
are,wells,8.175008422960358
but,cast,8.175008422960358
but,chiefly,8.175008422960358
but,grow,8.175008422960358
but,saved,8.175008422960358
clouds,are,8.175008422960358
liberty,are,8.175008422960358
perished,but,8.175008422960358
presumptuous,are,8.175008422960358
prophet,are,8.175008422960358
punished,but,8.175008422960358
repentance,but,8.175008422960358
sinned,but,8.175008422960358
slackness,but,8.175008422960358
spots,are,8.175008422960358
understood,are,8.175008422960358
willingly,are,8.175008422960358
works,are,8.175008422960358
corruption,man,8.026857699497002
escaped,corruption,8.026857699497002
escaped,who,8.026857699497002
known,power,8.026857699497002
power,coming,8.026857699497002
power,given,8.026857699497002
prophecy,came,8.026857699497002
speak,great,8.026857699497002
ungodly,delivered,8.026857699497002
ungodly,men,8.026857699497002
virtue,virtue,8.026857699497002
voice,came,8.026857699497002
word,prophecy,8.026857699497002
words,make,8.026857699497002
heavens,new,7.888419487319324
new,heavens,7.888419487319324
way,son,7.888419487319324
way,truth,7.888419487319324
world,then,7.888419487319324
christ,but,7.668134767503419
after,flesh,7.487887865973836
after,live,7.487887865973836
beloved,son,7.487887865973836
epistle,beloved,7.487887865973836
fall,own,7.487887865973836
holy,commandment,7.487887865973836
holy,conversation,7.487887865973836
holy,prophets,7.487887865973836
own,destruction,7.487887865973836
own,lusts,7.487887865973836
glory,virtue,7.351611744780139
old,time,7.351611744780139
promise,coming,7.351611744780139
remembrance,knowing,7.351611744780139
remembrance,may,7.351611744780139
reserved,judgment,7.351611744780139
righteousness,wherefore,7.351611744780139
there,came,7.351611744780139
there,come,7.351611744780139
was,being,7.351611744780139
wherefore,will,7.351611744780139
will,come,7.351611744780139
will,man,7.351611744780139
all,diligence,7.155174941846031
god,spared,7.155174941846031
knowledge,temperance,7.155174941846031
prophets,also,7.155174941846031
then,all,7.155174941846031
christ,grace,6.870664224327875
flesh,through,6.870664224327875
spoken,through,6.870664224327875
through,lust,6.870664224327875
through,lusts,6.870664224327875
were,beginning,6.870664224327875
were,false,6.870664224327875
were,spoken,6.870664224327875
heavens,being,6.850623595009929
known,way,6.850623595009929
saviour,knowing,6.850623595009929
world,ungodly,6.850623595009929
according,promise,6.678544439731634
earth,righteousness,6.678544439731634
glory,there,6.678544439731634
godliness,godliness,6.678544439731634
judgment,now,6.678544439731634
old,earth,6.678544439731634
day,lord,6.5834955701839855
holy,men,6.452272999178641
own,corruption,6.452272999178641
wherefore,beloved,6.452272999178641
fire,day,6.203557220718437
heavens,earth,6.179737315475705
old,world,6.179737315475705
water,world,6.179737315475705
way,remembrance,6.179737315475705
way,righteousness,6.179737315475705
all,come,6.121743481598081
also,being,6.121743481598081
men,god,6.12174348159808
virtue,knowledge,6.12174348159808
word,god,6.12174348159808
know,things,5.859016036331711
some,things,5.859016036331711
such,things,5.859016036331711
things,always,5.859016036331711
christ,wherefore,5.8394185568648895
words,were,5.8394185568648895
beloved,now,5.783570126191642
righteousness,after,5.783570126191642
not,angels,5.707215602832742
not,ignorant,5.707215602832742
have,escaped,5.59313738882216
also,according,5.455226401395676
earth,also,5.455226401395676
righteousness,god,5.455226401395676
are,again,5.4352073235360265
are,ignorant,5.4352073235360265
are,some,5.4352073235360265
are,therein,5.4352073235360265
angels,are,5.435207323536026
perish,but,5.435207323536026
unrighteousness,but,5.435207323536026
coming,day,5.178883301336376
day,time,5.178883301336375
godliness,through,5.175089660906307
there,were,5.175089660906307
through,righteousness,5.175089660906307
were,old,5.175089660906307
god,saviour,4.9629766607158885
remembrance,have,4.930999073805566
after,own,4.897338989012305
evil,things,4.838735309712778
things,before,4.838735309712778
bring,not,4.689135096679487
came,not,4.689135096679487
time,not,4.689135096679487
heavens,were,4.685030501168422
all,holy,4.573374029402611
before,lord,4.550559092150369
coming,lord,4.550559092150369
are,given,4.421534533111185
chapter,but,4.421534533111185
delivered,but,4.421534533111185
man,but,4.421534533111185
men,but,4.421534533111185
virtue,are,4.421534533111185
word,are,4.421534533111185
knowledge,god,4.251602052687765
knowledge,knowledge,4.251602052687765
remembrance,things,4.185383390820218
not,old,4.0379858214038515
will,not,4.0379858214038515
lord,according,3.90161488898646
lord,will,3.90161488898646
are,now,3.7747978359147734
but,there,3.7747978359147734
but,was,3.7747978359147734
earth,are,3.7747978359147734
god,jesus,3.7405398547159585
have,also,3.7405398547159585
christ,have,3.4713800912929678
day,god,3.3438682202001586
but,heavens,3.3023502391976223
way,are,3.3023502391976223
world,but,3.3023502391976223
but,beloved,2.9325715607367417
but,holy,2.9325715607367417
own,but,2.9325715607367417
not,god,2.880566363435822
but,all,2.630645393855767
have,things,2.536740178797353
day,day,2.4714156487165253
have,not,2.4003923623692236
not,have,2.4003923623692236
but,were,2.3769553223923943
christ,are,2.3769553223923943
jesus,lord,2.2750834061830307
but,day,1.8025143379317472
are,not,1.3991464422106714
lord,but,1.2894277670248557
are,are,1.189292602148869
