every,province,83.16009600053778
month,adar,82.55033941191071
kings,gate,78.7588567457355
esther,queen,63.44685053328385
gathered,together,61.959267155980555
thirteenth,day,54.55929400532026
went,out,53.91925816681325
king,said,53.58457119235038
commandment,decree,51.68019881431282
ten,sons,51.238691283992885
before,king,50.7697555340896
golden,sceptre,43.16294820160148
sent,letters,42.130467878103836
kings,commandment,41.433092464350665
came,pass,41.229998898213935
carried,away,40.931512688460764
banquet,wine,39.196351778369795
according,writing,38.94788677462963
persia,media,38.66491075241847
please,king,38.65860674836002
had,prepared,36.86801936970326
copy,writing,36.20437432924531
gather,together,36.20437432924531
street,city,36.20437432924531
day,same,36.130184939043154
twelfth,month,35.39156413865157
kings,servants,34.894888733578284
apparel,horse,34.84711378005853
half,kingdom,34.770671755873835
can,endure,33.3969232295266
cubits,high,33.3969232295266
drew,near,33.3969232295266
father,mother,33.3969232295266
fifty,cubits,33.3969232295266
fine,linen,33.3969232295266
linen,purple,33.3969232295266
mules,camels,33.3969232295266
sending,portions,33.3969232295266
keeper,women,33.113393862897524
found,favour,32.617610634233294
all,provinces,31.401739202824402
after,language,31.375952202609668
hundred,men,31.375952202609668
haman,son,31.31887339939093
fourteenth,day,31.14686951206255
then,said,30.678576091191566
kings,house,30.502796805868826
horseback,through,29.577838219757723
lieutenants,deputies,29.577838219757723
six,months,29.577838219757723
through,street,29.577838219757723
lay,hand,29.48198962059158
one,another,29.48198962059158
being,hastened,27.851745785047036
endure,see,27.851745785047036
sackcloth,ashes,27.851745785047036
year,reign,27.851745785047036
have,found,27.44707277167529
wise,men,26.666806559434033
writing,thereof,26.65912977146473
had,been,26.128741158776762
blue,white,25.759396710643806
chamberlain,keeper,25.759396710643806
made,feast,25.317900985984558
royal,apparel,25.317900985984558
decree,was,25.132278736979274
make,haste,25.021148989333003
days,purim,24.730667168687532
great,small,24.39956091562567
inner,court,24.39956091562567
scribes,called,24.39956091562567
things,purification,24.39956091562567
fear,fell,24.03394798370021
same,rested,24.03394798370021
spoil,prey,24.03394798370021
take,spoil,24.03394798370021
portions,one,23.86221164648882
servants,ministered,23.86221164648882
according,law,23.729868187052084
every,people,23.29249812907478
chapter,now,23.258660011999147
kings,ring,23.146525428285113
jews,were,23.120677402858227
was,given,23.037556793743683
kings,chamberlain,22.981031403626986
book,chronicles,22.849652673102614
destroyed,five,22.849652673102614
hamans,ten,22.849652673102614
princes,servants,22.74316398516094
did,reverence,22.58345421673529
kings,provinces,22.36979037207167
laid,not,22.364621075965346
house,women,22.312099698500248
fair,young,22.30914317177237
young,virgins,22.30914317177237
been,carried,21.942243446051116
cause,perish,21.942243446051116
done,man,21.9210045216074
five,hundred,21.20528355530335
hundred,twenty,21.20528355530335
twenty,seven,21.20528355530335
devised,jews,21.146461502686847
feasting,gladness,21.12549198356752
thing,pleased,21.12549198356752
all,people,20.733015930005653
name,sealed,20.584340019151103
then,king,20.322629577308952
king,let,20.28595900144039
obtained,favour,20.218727086424366
according,state,20.188250775707353
sought,lay,19.94248512527111
even,half,19.57494356087735
thereof,every,19.56376419523695
people,after,19.326038628494082
all,jews,19.218026381494127
deed,queen,19.138112430942652
queen,instead,19.138112430942652
good,day,18.755750695763503
king,honour,18.714665865530037
kings,chamberlains,18.546386284843134
held,out,18.42252957003477
out,golden,18.42252957003477
palace,garden,18.42252957003477
rested,made,18.42252957003477
said,wise,18.30721957305775
province,according,18.300866709626835
accomplished,wit,18.085077519296913
anger,burned,18.085077519296913
besought,tears,18.085077519296913
bondmen,bondwomen,18.085077519296913
brethren,seeking,18.085077519296913
cried,loud,18.085077519296913
declaration,greatness,18.085077519296913
enlargement,deliverance,18.085077519296913
exceedingly,grieved,18.085077519296913
excellent,majesty,18.085077519296913
fallen,bed,18.085077519296913
fastened,cords,18.085077519296913
fasting,weeping,18.085077519296913
feet,besought,18.085077519296913
foes,seventy,18.085077519296913
hangings,fastened,18.085077519296913
happened,sum,18.085077519296913
indignation,nevertheless,18.085077519296913
isles,sea,18.085077519296913
jerusalem,captivity,18.085077519296913
judah,nebuchadnezzar,18.085077519296913
loud,bitter,18.085077519296913
mans,pleasure,18.085077519296913
moreover,yea,18.085077519296913
most,noble,18.085077519296913
much,contempt,18.085077519296913
nigh,far,18.085077519296913
oil,myrrh,18.085077519296913
pavement,red,18.085077519296913
profit,suffer,18.085077519296913
purifications,accomplished,18.085077519296913
raiment,clothe,18.085077519296913
rent,clothes,18.085077519296913
rings,pillars,18.085077519296913
seeking,wealth,18.085077519296913
stroke,sword,18.085077519296913
sum,money,18.085077519296913
sweet,odours,18.085077519296913
sword,slaughter,18.085077519296913
too,much,18.085077519296913
touched,top,18.085077519296913
villages,dwelt,18.085077519296913
weeping,wailing,18.085077519296913
whatsoever,desired,18.085077519296913
reverence,then,18.064646704295125
provinces,kingdom,17.950178001358495
fifteenth,day,17.94866405682544
ready,day,17.94866405682544
there,was,17.823415572697
every,city,17.696981786698437
throughout,all,17.495750585367915
all,princes,17.27885386590401
was,written,17.00348280795421
both,great,16.77685482056933
son,enemy,16.77685482056933
had,charged,16.7692233816056
crown,royal,16.703529341399143
out,being,16.703529341399143
rulers,provinces,16.586134093420576
women,custody,16.383962780619832
first,month,16.18675945365023
after,things,16.043119696752175
hanged,gallows,16.043119696752175
feast,all,15.943184009078896
was,turned,15.92793810403021
day,month,15.641842842657464
make,request,15.50899623479365
bowed,not,15.491492271835885
not,fail,15.491492271835885
son,son,15.425401967778637
abroad,dispersed,15.312488797057133
accepted,multitude,15.312488797057133
arise,too,15.312488797057133
authority,confirm,15.312488797057133
bade,return,15.312488797057133
bear,rule,15.312488797057133
beautiful,father,15.312488797057133
bitter,cry,15.312488797057133
black,marble,15.312488797057133
charge,business,15.312488797057133
cords,fine,15.312488797057133
death,except,15.312488797057133
deliverance,arise,15.312488797057133
despise,husbands,15.312488797057133
evil,determined,15.312488797057133
fastings,cry,15.312488797057133
full,indignation,15.312488797057133
garment,fine,15.312488797057133
gifts,poor,15.312488797057133
glory,riches,15.312488797057133
hastened,pressed,15.312488797057133
joyful,glad,15.312488797057133
judgment,next,15.312488797057133
keepers,door,15.312488797057133
land,became,15.312488797057133
land,isles,15.312488797057133
likewise,ladies,15.312488797057133
little,ones,15.312488797057133
lot,consume,15.312488797057133
marble,beds,15.312488797057133
might,declaration,15.312488797057133
might,enter,15.312488797057133
mother,maid,15.312488797057133
mouth,covered,15.312488797057133
multitude,brethren,15.312488797057133
myrrh,six,15.312488797057133
near,touched,15.312488797057133
odours,other,15.312488797057133
old,little,15.312488797057133
pillars,marble,15.312488797057133
promised,pay,15.312488797057133
reigned,india,15.312488797057133
riches,glorious,15.312488797057133
rode,mules,15.312488797057133
scattered,abroad,15.312488797057133
seem,right,15.312488797057133
seen,concerning,15.312488797057133
slaughter,destruction,15.312488797057133
small,saying,15.312488797057133
sold,bondmen,15.312488797057133
surely,fall,15.312488797057133
thought,scorn,15.312488797057133
thousand,talents,15.312488797057133
tribute,land,15.312488797057133
truth,confirm,15.312488797057133
turned,contrary,15.312488797057133
turned,sorrow,15.312488797057133
very,wroth,15.312488797057133
waxed,greater,15.312488797057133
wit,six,15.312488797057133
wroth,anger,15.312488797057133
kings,scribes,15.291625315734018
kings,treasuries,15.291625315734018
maidens,were,15.18479302679132
jews,are,15.169081964662968
chapter,after,15.038886195166857
letters,all,14.7353310307284
was,brought,14.52811369956136
esther,had,14.473593979106681
altogether,peace,14.265992509528038
appoint,officers,14.265992509528038
best,place,14.265992509528038
blue,hangings,14.265992509528038
bowed,reverenced,14.265992509528038
confirmed,matters,14.265992509528038
eat,drink,14.265992509528038
far,keep,14.265992509528038
gold,garment,14.265992509528038
green,blue,14.265992509528038
held,tongue,14.265992509528038
horseback,riders,14.265992509528038
kept,concubines,14.265992509528038
kill,cause,14.265992509528038
laws,persians,14.265992509528038
lieutenants,governors,14.265992509528038
maids,best,14.265992509528038
matters,fastings,14.265992509528038
months,oil,14.265992509528038
months,sweet,14.265992509528038
mourning,having,14.265992509528038
neither,eat,14.265992509528038
peace,truth,14.265992509528038
preferred,maids,14.265992509528038
records,chronicles,14.265992509528038
red,blue,14.265992509528038
seat,above,14.265992509528038
seventy,five,14.265992509528038
slay,cause,14.265992509528038
speaking,peace,14.265992509528038
three,twentieth,14.265992509528038
twelve,months,14.265992509528038
white,black,14.265992509528038
white,green,14.265992509528038
withstand,fear,14.265992509528038
wives,give,14.265992509528038
who,had,13.935560741796188
said,esther,13.82996424363998
shewed,people,13.625240121993022
acts,power,13.586396362346449
clothe,take,13.586396362346449
clothed,sackcloth,13.586396362346449
fair,beautiful,13.586396362346449
fair,look,13.586396362346449
having,head,13.586396362346449
horse,arrayed,13.586396362346449
ladies,persia,13.586396362346449
majesty,many,13.586396362346449
media,nobles,13.586396362346449
media,say,13.586396362346449
obtained,grace,13.586396362346449
obtained,kindness,13.586396362346449
pass,daily,13.586396362346449
posts,rode,13.586396362346449
required,nothing,13.586396362346449
same,yearly,13.586396362346449
saying,pleased,13.586396362346449
set,seat,13.586396362346449
silver,pavement,13.586396362346449
silver,rings,13.586396362346449
slew,foes,13.586396362346449
sorrow,joy,13.586396362346449
talents,silver,13.586396362346449
top,sceptre,13.586396362346449
wailing,many,13.586396362346449
wear,horse,13.586396362346449
yet,talking,13.586396362346449
young,dromedaries,13.586396362346449
young,old,13.586396362346449
according,language,13.494932157983769
jews,fear,13.241872025571992
adalia,ten,13.081053283915033
appointed,attend,13.081053283915033
arose,stood,13.081053283915033
away,jerusalem,13.081053283915033
away,mischief,13.081053283915033
book,records,13.081053283915033
business,bring,13.081053283915033
cities,throughout,13.081053283915033
clothes,put,13.081053283915033
contempt,wrath,13.081053283915033
daughter,uncle,13.081053283915033
dead,took,13.081053283915033
enemies,stroke,13.081053283915033
estate,another,13.081053283915033
laid,tribute,13.081053283915033
law,judgment,13.081053283915033
light,gladness,13.081053283915033
men,adalia,13.081053283915033
ordained,took,13.081053283915033
prepare,will,13.081053283915033
put,death,13.081053283915033
scorn,lay,13.081053283915033
sought,hurt,13.081053283915033
stood,lives,13.081053283915033
tears,put,13.081053283915033
throughout,whole,13.081053283915033
took,off,13.081053283915033
uncles,daughter,13.081053283915033
wrath,pacified,13.081053283915033
had,taken,12.97995580981065
presence,king,12.824426316859494
state,king,12.824426316859494
before,thus,12.772911822903465
adversary,enemy,12.678343012901259
assault,both,12.678343012901259
been,twelve,12.678343012901259
both,nigh,12.678343012901259
dignity,been,12.678343012901259
grace,favour,12.678343012901259
grant,petition,12.678343012901259
memorial,perish,12.678343012901259
merry,wine,12.678343012901259
namely,thirteenth,12.678343012901259
off,ring,12.678343012901259
petition,perform,12.678343012901259
tongue,enemy,12.678343012901259
gave,commandment,12.669657686798711
language,every,12.611478538618975
had,told,12.560329245736817
begun,fall,12.540543368492267
concerning,matter,12.540543368492267
fast,likewise,12.540543368492267
greater,greater,12.540543368492267
hang,thereon,12.540543368492267
heard,deed,12.540543368492267
india,ethiopia,12.540543368492267
knew,times,12.540543368492267
little,children,12.540543368492267
multitude,children,12.540543368492267
none,might,12.540543368492267
return,answer,12.540543368492267
riches,multitude,12.540543368492267
wicked,device,12.540543368492267
day,feasting,12.44748576343645
arrayed,brought,12.343449063259188
grieved,sent,12.343449063259188
hundred,fourscore,12.343449063259188
make,supplication,12.343449063259188
may,array,12.343449063259188
may,live,12.343449063259188
meres,seven,12.343449063259188
over,though,12.343449063259188
sent,raiment,12.343449063259188
supplication,make,12.343449063259188
were,gathered,12.30737501082291
above,all,12.284936426836364
all,friends,12.284936426836362
writing,commandment,12.140706362891027
seven,provinces,12.075941609970961
attend,gave,12.056754939193926
caused,gallows,12.056754939193926
consume,destroy,12.056754939193926
court,womens,12.056754939193926
destroy,kill,12.056754939193926
destroy,slay,12.056754939193926
jew,sitting,12.056754939193926
name,inquisition,12.056754939193926
name,seal,12.056754939193926
outward,court,12.056754939193926
speedily,gave,12.056754939193926
things,purifying,12.056754939193926
banquet,esther,11.863353363101464
man,king,11.855835506706224
assembled,together,11.806099794122337
chamberlains,keepers,11.806099794122337
chamberlains,served,11.806099794122337
city,cried,11.806099794122337
city,proclaim,11.806099794122337
city,proclaimed,11.806099794122337
city,rejoiced,11.806099794122337
delivered,hand,11.806099794122337
known,who,11.806099794122337
midst,city,11.806099794122337
perform,request,11.806099794122337
request,further,11.806099794122337
uncle,who,11.806099794122337
house,haman,11.703016400697786
become,now,11.58341805146795
chapter,perceived,11.58341805146795
honour,dignity,11.58341805146795
honour,excellent,11.58341805146795
pacified,chapter,11.58341805146795
perplexed,chapter,11.58341805146795
province,assault,11.58341805146795
jews,slew,11.543647832023446
sealed,kings,11.516119266246209
two,kings,11.516119266246209
covered,hamans,11.494690581618105
deputies,officers,11.494690581618105
deputies,rulers,11.494690581618105
destruction,kindred,11.494690581618105
down,drink,11.494690581618105
five,thousand,11.494690581618105
forth,street,11.494690581618105
give,husbands,11.494690581618105
gold,vessels,11.494690581618105
hamans,face,11.494690581618105
kept,door,11.494690581618105
maids,turn,11.494690581618105
matters,stand,11.494690581618105
neither,father,11.494690581618105
remembered,kept,11.494690581618105
return,own,11.494690581618105
stand,life,11.494690581618105
vessels,gold,11.494690581618105
time,then,11.398587587178968
arising,banquet,11.383083377613676
array,man,11.383083377613676
banquet,prepare,11.383083377613676
done,rent,11.383083377613676
done,wrong,11.383083377613676
evening,went,11.383083377613676
fame,went,11.383083377613676
glorious,kingdom,11.383083377613676
man,bear,11.383083377613676
man,waxed,11.383083377613676
man,withal,11.383083377613676
man,withstand,11.383083377613676
there,enlargement,11.383083377613676
told,glory,11.383083377613676
went,way,11.383083377613676
whole,kingdom,11.383083377613676
day,twelfth,11.284556794143464
had,devised,11.283690480295782
did,become,11.20101392594906
did,compel,11.20101392594906
gate,clothed,11.20101392594906
hoped,have,11.20101392594906
invited,also,11.20101392594906
noble,princes,11.20101392594906
nobles,princes,11.20101392594906
pleasure,also,11.20101392594906
princes,beauty,11.20101392594906
thou,altogether,11.20101392594906
thou,art,11.20101392594906
thou,escape,11.20101392594906
thou,fathers,11.20101392594906
way,did,11.20101392594906
wilt,thou,11.20101392594906
write,also,11.20101392594906
sight,king,11.18625414638921
hold,out,11.034153820208966
made,release,11.034153820208966
out,midst,11.034153820208966
royal,estate,11.034153820208966
towns,made,11.034153820208966
house,over,10.996858952682594
ones,women,10.880155584069627
purifying,women,10.880155584069627
being,diverse,10.815738142204133
camels,young,10.815738142204133
confirm,second,10.815738142204133
decreed,seed,10.815738142204133
fell,down,10.815738142204133
glad,heart,10.815738142204133
haste,take,10.815738142204133
head,covered,10.815738142204133
heard,many,10.815738142204133
joy,sending,10.815738142204133
power,might,10.815738142204133
purple,silver,10.815738142204133
returned,second,10.815738142204133
second,letter,10.815738142204133
see,destruction,10.815738142204133
see,evil,10.815738142204133
seventh,year,10.815738142204133
shewed,riches,10.815738142204133
vessels,being,10.815738142204133
words,letter,10.815738142204133
again,esther,10.81089445798679
answered,said,10.749270194851146
writing,according,10.739456811587758
altered,come,10.737176715457853
art,come,10.737176715457853
come,outward,10.737176715457853
commandment,like,10.737176715457853
refused,come,10.737176715457853
woman,come,10.737176715457853
published,all,10.594559227240534
wife,all,10.594559227240534
prepared,then,10.511900579039459
was,fair,10.456800769237834
was,published,10.456800769237834
advanced,above,10.44948150251074
chamberlain,kept,10.44948150251074
drink,three,10.44948150251074
esthers,maids,10.44948150251074
fail,keep,10.44948150251074
garden,place,10.44948150251074
keep,two,10.44948150251074
neither,keep,10.44948150251074
granted,jews,10.386585881331428
days,purifications,10.360947932946328
fourscore,days,10.360947932946328
thirty,days,10.360947932946328
another,gifts,10.311038978786339
law,none,10.311038978786339
men,knew,10.311038978786339
more,except,10.311038978786339
morrow,returned,10.311038978786339
morrow,speak,10.311038978786339
ten,thousand,10.311038978786339
thing,seem,10.311038978786339
will,fast,10.311038978786339
will,pay,10.311038978786339
except,such,10.311038978786337
full,wrath,10.311038978786337
greater,thus,10.311038978786337
high,morrow,10.311038978786337
instead,thing,10.311038978786337
knew,law,10.311038978786337
letter,purim,10.311038978786337
pay,ten,10.311038978786337
purification,such,10.311038978786337
rest,enemies,10.311038978786337
times,appointed,10.311038978786337
wroth,sought,10.311038978786337
but,surely,10.144467785462012
came,home,10.144467785462012
concubines,came,10.144467785462012
live,but,10.144467785462012
only,but,10.144467785462012
prevail,but,10.144467785462012
release,provinces,10.144467785462012
talking,came,10.144467785462012
had,appointed,10.128588033368022
came,banquet,10.067207841807337
came,told,10.067207841807337
let,there,10.067207841807337
decree,came,10.067207841807335
abundance,according,10.044426077072789
all,kings,9.97696818003977
sons,haman,9.965794036278815
haman,saw,9.965794036278812
month,nisan,9.949151955914779
month,sivan,9.949151955914779
tenth,month,9.949151955914779
been,sold,9.908972830167519
both,little,9.908972830167519
face,sat,9.908972830167519
sat,down,9.908972830167519
seem,good,9.908972830167519
spoken,good,9.908972830167519
while,sat,9.908972830167519
not,hand,9.868979677017311
custody,kings,9.833619969569869
advanced,set,9.771172978111249
crown,gold,9.771172978111249
custody,keeper,9.771172978111249
esthers,words,9.771172978111249
friends,wife,9.771172978111249
gold,silver,9.771172978111249
joy,mourning,9.771172978111249
maiden,pleased,9.771172978111249
many,maidens,9.771172978111249
nothing,fail,9.771172978111249
own,head,9.771172978111249
prey,copy,9.771172978111249
see,matters,9.771172978111249
seed,matters,9.771172978111249
shewed,kindred,9.771172978111249
silver,hands,9.771172978111249
slew,three,9.771172978111249
third,year,9.771172978111249
words,peace,9.771172978111249
afraid,before,9.687870132588264
proclaim,before,9.687870132588264
proclaimed,before,9.687870132588264
read,before,9.687870132588264
right,before,9.687870132588264
day,thereof,9.68294112128897
every,family,9.607848785589884
every,generation,9.607848785589884
every,mans,9.607848785589884
family,every,9.607848785589884
fathers,house,9.607848785589884
generation,every,9.607848785589884
hearkened,not,9.607848785589884
house,fame,9.607848785589884
not,altered,9.607848785589884
not,countervail,9.607848785589884
not,prevail,9.607848785589884
think,not,9.607848785589884
walked,every,9.607848785589884
womens,house,9.607848785589884
belonged,seven,9.574723210433591
ethiopia,over,9.574723210433591
hanged,thereon,9.574723210433591
letters,wicked,9.574723210433591
over,hated,9.574723210433591
reverse,letters,9.574723210433591
rule,over,9.574723210433591
small,seven,9.574723210433591
servants,were,9.570072642503387
dispersed,people,9.530906732180211
force,queen,9.530906732180211
people,scattered,9.530906732180211
people,speaking,9.530906732180211
queen,exceedingly,9.530906732180211
queen,refused,9.530906732180211
queen,standing,9.530906732180211
wealth,people,9.530906732180211
jews,enemy,9.506418846421594
did,according,9.497580769053954
written,according,9.497580769053954
beds,were,9.456815713719264
governors,were,9.456815713719264
number,were,9.456815713719264
were,dead,9.456815713719264
were,expired,9.456815713719264
were,meet,9.456815713719264
were,read,9.456815713719264
more,all,9.4453468369786
was,come,9.368429367948043
was,found,9.308899639484082
adar,fifteenth,9.288673623923529
are,diverse,9.288673623923529
are,india,9.288673623923529
are,present,9.288673623923529
are,sold,9.288673623923529
certain,jew,9.288673623923529
gallows,fifty,9.288673623923529
gallows,wherefore,9.288673623923529
gave,gifts,9.288673623923529
marble,gave,9.288673623923529
other,things,9.288673623923529
wherefore,called,9.288673623923529
another,place,9.267117937089324
keep,fourteenth,9.267117937089324
kept,throughout,9.267117937089324
laws,therefore,9.267117937089324
lay,hands,9.267117937089324
maidens,will,9.267117937089324
matters,purim,9.267117937089324
own,daughter,9.267117937089324
rested,enemies,9.267117937089324
saw,bowed,9.267117937089324
slain,destroyed,9.267117937089324
spoil,laid,9.267117937089324
taken,daughter,9.267117937089324
took,own,9.267117937089324
said,adversary,9.122676241691721
said,moreover,9.122676241691721
crown,head,9.093508576106554
feasting,joy,9.093508576106554
media,persia,9.093508576106554
pleased,obtained,9.093508576106554
power,persia,9.093508576106554
set,head,9.093508576106554
words,again,9.093508576106554
yet,again,9.093508576106554
yet,shewed,9.093508576106554
king,give,9.087427681322126
king,held,9.087427681322126
maiden,king,9.087427681322126
diverse,one,9.038663224188719
door,who,9.038663224188719
face,one,9.038663224188719
purple,city,9.038663224188719
together,stand,9.038663224188719
befallen,then,9.003228888936931
damage,then,9.003228888936931
day,avenge,8.946078254715943
day,joyful,8.946078254715943
day,number,8.946078254715943
say,day,8.946078254715943
twentieth,day,8.946078254715943
esthers,feast,8.86569611837659
mourning,good,8.86569611837659
slain,perish,8.86569611837659
apparel,blue,8.865696118376588
sat,first,8.865696118376588
commanded,answer,8.816626434786468
commanded,concerning,8.816626434786468
even,ethiopia,8.816626434786468
husbands,honour,8.816626434786468
india,even,8.816626434786468
now,turn,8.816626434786468
not,did,8.636847060586486
ashes,went,8.616936922234126
camels,went,8.616936922234126
cry,decree,8.616936922234126
decree,drew,8.616936922234126
man,reverse,8.616936922234126
ministered,there,8.616936922234126
there,arise,8.616936922234126
throne,kingdom,8.616936922234126
went,forth,8.616936922234126
word,went,8.616936922234126
joy,gladness,8.590097864992444
many,lay,8.590097864992444
media,saw,8.590097864992444
prey,laid,8.590097864992444
published,throughout,8.590097864992444
second,time,8.590097864992444
slew,destroyed,8.590097864992444
take,away,8.590097864992444
virgins,sought,8.590097864992444
another,wrote,8.590097864992442
away,sackcloth,8.590097864992442
enemies,slew,8.590097864992442
gladness,feasting,8.590097864992442
gladness,joy,8.590097864992442
men,wife,8.590097864992442
took,seed,8.590097864992442
twelfth,year,8.590097864992442
haman,came,8.57603087806752
perish,all,8.57303193066313
one,day,8.56807421930151
three,hundred,8.532091036198095
hanged,hamans,8.532091036198093
may,gather,8.532091036198093
seven,maidens,8.532091036198093
seven,twenty,8.532091036198093
became,jews,8.494141224775126
contrary,jews,8.494141224775126
helped,jews,8.494141224775126
jews,accepted,8.494141224775126
jews,fasting,8.494141224775126
jews,hoped,8.494141224775126
jews,memorial,8.494141224775126
jews,ordained,8.494141224775126
jews,smote,8.494141224775126
jews,undertook,8.494141224775126
jews,villages,8.494141224775126
jews,write,8.494141224775126
poor,jews,8.494141224775126
destruction,did,8.435512840053576
did,hated,8.435512840053576
fall,thou,8.435512840053576
gate,none,8.435512840053576
have,charge,8.435512840053576
have,heard,8.435512840053576
none,did,8.435512840053576
speak,thou,8.435512840053576
thou,begun,8.435512840053576
thou,spoken,8.435512840053576
why,thou,8.435512840053576
written,reverse,8.435512840053576
haman,make,8.382455158273764
alone,had,8.363655032884893
babylon,had,8.363655032884893
bondwomen,had,8.363655032884893
captivity,had,8.363655032884893
had,befallen,8.363655032884893
had,enjoined,8.363655032884893
had,happened,8.363655032884893
had,light,8.363655032884893
had,promised,8.363655032884893
had,promoted,8.363655032884893
had,seen,8.363655032884893
lives,had,8.363655032884893
royal,house,8.303469177335549
haman,refrained,8.281166191323713
mischief,haman,8.281166191323713
money,haman,8.281166191323713
nevertheless,haman,8.281166191323713
promote,haman,8.281166191323713
reverenced,haman,8.281166191323713
made,fifty,8.269298312118162
made,matter,8.269298312118162
out,presence,8.269298312118162
returned,out,8.269298312118162
royal,throne,8.269298312118162
adar,copy,8.246686195025685
advanced,are,8.246686195025685
called,friends,8.246686195025685
court,garden,8.246686195025685
destroy,shew,8.246686195025685
gave,copy,8.246686195025685
gave,drink,8.246686195025685
great,mourning,8.246686195025685
jew,behold,8.246686195025685
laws,are,8.246686195025685
life,destroy,8.246686195025685
son,advanced,8.246686195025685
white,great,8.246686195025685
jews,destroy,8.203026323448407
both,young,8.18932058383528
feasting,good,8.18932058383528
perish,seed,8.18932058383528
take,apparel,8.18932058383528
bed,esther,8.125743326880208
esther,arose,8.125743326880208
esther,bade,8.125743326880208
esther,certified,8.125743326880208
esther,confirmed,8.125743326880208
esther,declare,8.125743326880208
esther,think,8.125743326880208
esther,uncles,8.125743326880208
loved,esther,8.125743326880208
yea,esther,8.125743326880208
children,women,8.115945862233628
manner,women,8.115945862233628
appointed,time,8.08733169143257
bring,book,8.08733169143257
destroyed,will,8.08733169143257
gladness,therefore,8.08733169143257
law,put,8.08733169143257
put,away,8.08733169143257
such,time,8.08733169143257
all,acts,8.016622348494913
all,authority,8.016622348494913
all,empire,8.016622348494913
all,looked,8.016622348494913
all,wives,8.016622348494913
perceived,all,8.016622348494913
sea,all,8.016622348494913
smote,all,8.016622348494913
maids,chamberlains,7.9973207485429
chamberlains,kept,7.997320748542899
city,gather,7.997320748542899
request,life,7.997320748542899
come,abroad,7.973612988465189
evil,come,7.973612988465189
beauty,was,7.947048361806662
desired,was,7.947048361806662
drinking,was,7.947048361806662
inquisition,was,7.947048361806662
maid,was,7.947048361806662
rejoiced,was,7.947048361806662
was,afraid,7.947048361806662
was,appeased,7.947048361806662
was,fallen,7.947048361806662
was,known,7.947048361806662
was,meres,7.947048361806662
was,merry,7.947048361806662
was,perplexed,7.947048361806662
jews,had,7.890873101748356
power,over,7.856360246994101
set,over,7.856360246994101
letters,devised,7.8563602469941
done,then,7.825941296811182
even,esthers,7.7759291204425995
performed,even,7.7759291204425995
province,rulers,7.7759291204425995
apparel,stood,7.687199155613934
gladness,feast,7.687199155613934
law,perish,7.687199155613934
sight,more,7.687199155613934
sight,thing,7.687199155613934
took,ring,7.687199155613934
better,kings,7.631427788825643
countervail,kings,7.631427788825643
enter,kings,7.631427788825643
kings,damage,7.631427788825643
kings,most,7.631427788825643
kings,mouth,7.631427788825643
kings,profit,7.631427788825643
confirm,days,7.599323443356522
days,night,7.599323443356521
days,while,7.599323443356521
kingdom,laws,7.57688497737421
know,man,7.57688497737421
place,banquet,7.57688497737421
told,esthers,7.57688497737421
told,two,7.57688497737421
adar,slew,7.571600359072655
adar,take,7.571600359072655
court,obtained,7.571600359072655
great,crown,7.571600359072655
jew,wrote,7.571600359072655
persia,jew,7.571600359072655
see,jew,7.571600359072655
wrote,destroy,7.571600359072655
wrote,things,7.571600359072655
according,all,7.563680824206336
heart,king,7.443448586175254
king,crown,7.443448586175254
pleased,king,7.443448586175254
above,princes,7.396106472999208
also,maidens,7.396106472999208
behold,also,7.396106472999208
behold,have,7.396106472999208
gate,bowed,7.396106472999208
gate,two,7.396106472999208
hands,have,7.396106472999208
have,slain,7.396106472999208
written,laws,7.396106472999208
written,sealed,7.396106472999208
but,other,7.384137166218489
concerning,but,7.384137166218489
cry,came,7.384137166218489
eyes,let,7.384137166218489
ministered,let,7.384137166218489
provinces,can,7.384137166218489
thousand,but,7.384137166218489
day,also,7.355476051110676
fourteenth,thereof,7.354883772023081
purim,after,7.354883772023081
prey,one,7.322880073892523
servants,power,7.322880073892523
together,second,7.322880073892523
feast,good,7.287711573046787
perish,perish,7.287711573046787
according,manner,7.284742707031519
according,word,7.284742707031519
gifts,according,7.284742707031519
give,royal,7.230537731317437
given,half,7.230537731317437
royal,shew,7.230537731317437
was,great,7.152840541187794
fell,chapter,7.1021338152770035
joy,honour,7.1021338152770035
women,maiden,7.07783127627829
daughter,jew,7.070769045404301
name,therefore,7.070769045404301
sought,destroy,7.070769045404301
such,things,7.070769045404301
things,wrath,7.070769045404301
had,commanded,6.999985448408468
let,king,6.99016782564779
provinces,king,6.99016782564779
both,hanged,6.95604135075792
ring,letters,6.95604135075792
ring,may,6.95604135075792
ring,sent,6.95604135075792
commandment,know,6.936144606074779
performed,commandment,6.936144606074779
before,while,6.930777856048616
fall,before,6.930777856048616
lot,before,6.930777856048616
kingdom,words,6.9037352500121125
nothing,done,6.9037352500121125
posts,went,6.9037352500121125
told,wife,6.9037352500121125
charged,not,6.851404807278726
house,belonged,6.851404807278726
house,speak,6.851404807278726
night,not,6.851404807278726
not,likewise,6.851404807278726
now,haman,6.843734885041373
chamberlains,bring,6.822694129707973
chamberlains,therefore,6.822694129707973
destroyed,who,6.822694129707973
laid,hand,6.822694129707973
one,law,6.822694129707973
together,stood,6.822694129707973
who,sought,6.822694129707973
together,all,6.783775418703044
certain,people,6.775111262311551
people,land,6.775111262311551
people,wherefore,6.775111262311551
sold,people,6.775111262311551
have,power,6.723602531892428
princes,persia,6.723602531892428
came,before,6.723229009749149
door,were,6.701668962641724
mother,were,6.701668962641724
were,present,6.701668962641724
were,wroth,6.701668962641724
while,were,6.701668962641724
been,called,6.672571993624278
great,feast,6.672571993624278
city,was,6.6525775659818756
hundred,seven,6.625016497955099
book,chapter,6.602593448896473
commanded,bring,6.602593448896473
honour,bring,6.602593448896473
honour,more,6.602593448896473
provinces,every,6.571551842457238
three,days,6.563794925342971
two,days,6.563794925342971
head,made,6.558679785054322
palace,custody,6.558679785054322
royal,crown,6.558679785054322
set,royal,6.558679785054322
virgins,palace,6.558679785054322
court,kings,6.555949614512887
kings,name,6.555949614512887
haman,told,6.451923392417625
queen,esther,6.449594102782622
chamberlains,answered,6.4251426557309514
petition,request,6.4251426557309514
ring,hand,6.4251426557309514
ring,writing,6.4251426557309514
women,obtained,6.406619533580212
women,take,6.406619533580212
banquet,thing,6.404840669887293
kingdom,such,6.404840669887293
saw,there,6.404840669887293
thus,there,6.404840669887293
wrath,went,6.404840669887293
certified,king,6.40459811058718
dromedaries,king,6.40459811058718
expired,king,6.40459811058718
greatness,king,6.40459811058718
king,appoint,6.40459811058718
king,arising,6.40459811058718
king,babylon,6.40459811058718
king,delight,6.40459811058718
king,delighted,6.40459811058718
king,drinking,6.40459811058718
king,grant,6.40459811058718
king,helped,6.40459811058718
king,hold,6.40459811058718
king,judah,6.40459811058718
king,loved,6.40459811058718
king,namely,6.40459811058718
king,only,6.40459811058718
king,promote,6.40459811058718
king,required,6.40459811058718
king,sleep,6.40459811058718
king,thirty,6.40459811058718
king,very,6.40459811058718
king,wear,6.40459811058718
king,whatsoever,6.40459811058718
king,wilt,6.40459811058718
merrily,king,6.40459811058718
nebuchadnezzar,king,6.40459811058718
reported,king,6.40459811058718
withal,king,6.40459811058718
wrong,king,6.40459811058718
said,hang,6.370776244603259
said,why,6.370776244603259
but,bowed,6.349902937212175
drink,but,6.349902937212175
friends,let,6.349902937212175
let,hamans,6.349902937212175
let,life,6.349902937212175
let,maiden,6.349902937212175
place,but,6.349902937212175
provinces,lieutenants,6.349902937212175
twenty,provinces,6.349902937212175
things,sent,6.342192718624632
after,name,6.342192718624631
sent,called,6.342192718624631
king,took,6.340649683184269
decreed,then,6.252629070680237
instead,then,6.252629070680237
reverse,then,6.252629070680237
spoken,then,6.252629070680237
thereon,then,6.252629070680237
months,according,6.25115593676123
found,written,6.225353946611274
morrow,also,6.225353946611274
province,was,6.216339041313217
even,thirteenth,6.205687761174266
honour,both,6.205687761174266
prepared,chapter,6.205687761174266
day,sending,6.19612884297451
forth,day,6.19612884297451
seventh,day,6.19612884297451
third,month,6.15717694274422
haman,have,6.100734337488419
seven,chamberlains,6.095409166988052
one,kings,6.062264510778773
another,royal,6.061077403338923
found,out,6.061077403338923
made,fourteenth,6.061077403338923
out,therefore,6.061077403338923
out,throughout,6.061077403338923
palace,ten,6.061077403338923
gave,things,6.060014725550187
jew,name,6.060014725550187
been,done,6.008580977010467
women,appointed,5.909663564287473
chronicles,before,5.89978301877437
days,feasting,5.895170086828597
many,days,5.895170086828597
year,days,5.895170086828597
commanded,seven,5.876600267274686
have,prepared,5.829740457298775
every,maiden,5.821058478446342
every,maids,5.821058478446342
house,know,5.821058478446342
house,mourning,5.821058478446342
not,hands,5.821058478446342
not,performed,5.821058478446342
not,shew,5.821058478446342
friends,every,5.821058478446341
give,house,5.821058478446341
officers,house,5.821058478446341
own,house,5.821058478446341
place,house,5.821058478446341
rulers,every,5.821058478446341
court,who,5.813877168756582
hand,gave,5.813877168756582
request,are,5.813877168756582
son,who,5.813877168756582
esther,did,5.813002717718581
arise,jews,5.750055009466231
glad,jews,5.750055009466231
hated,jews,5.750055009466231
jews,return,5.750055009466231
other,jews,5.750055009466231
treasuries,jews,5.750055009466231
kindred,people,5.745413652270782
shew,people,5.745413652270782
people,kindred,5.7454136522707815
people,neither,5.7454136522707815
head,let,5.682572806633925
heart,but,5.682572806633925
nothing,but,5.682572806633925
sackcloth,but,5.682572806633925
slew,but,5.682572806633925
came,again,5.6825728066339245
let,nothing,5.6825728066339245
provinces,being,5.6825728066339245
kingdom,may,5.6801396866744
chronicles,were,5.672620281880059
were,gold,5.672620281880059
were,slain,5.672620281880059
were,white,5.672620281880059
palace,both,5.666110326449753
royal,wine,5.666110326449753
sat,royal,5.666110326449753
had,begun,5.621527042292984
had,cast,5.621527042292984
had,decreed,5.621527042292984
had,rest,5.621527042292984
had,rule,5.621527042292984
had,spoken,5.621527042292984
letter,had,5.621527042292984
matter,had,5.621527042292984
remembered,had,5.621527042292984
court,now,5.595714472607886
name,now,5.595714472607886
published,according,5.584473474588691
hand,one,5.568385815528038
one,chamberlains,5.568385815528038
covered,haman,5.540344749867629
haman,device,5.540344749867629
haman,forth,5.540344749867629
haman,full,5.540344749867629
haman,thought,5.540344749867629
high,haman,5.540344749867629
wherefore,haman,5.540344749867629
wicked,haman,5.540344749867629
feast,women,5.515343108811701
good,king,5.514763657158045
king,sat,5.514763657158044
brought,also,5.501945579386199
have,hanged,5.501945579386199
over,gate,5.501945579386199
princes,may,5.501945579386199
seven,princes,5.501945579386199
written,may,5.501945579386199
king,haman,5.489551996824548
called,there,5.399900304430741
answer,esther,5.387537547092572
charged,esther,5.387537547092572
esther,drew,5.387537547092572
turn,esther,5.387537547092572
esther,said,5.3808441187457925
request,even,5.35086953180299
servants,even,5.35086953180299
said,behold,5.344975372311456
said,cause,5.344975372311456
abroad,all,5.280380562335973
all,knew,5.280380562335973
children,all,5.280380562335973
diverse,all,5.280380562335973
manner,all,5.280380562335973
again,before,5.235693329634499
being,before,5.235693329634499
kindred,then,5.228128799974414
performed,then,5.228128799974414
haman,come,5.227675491494385
also,gallows,5.222352818556074
destroy,also,5.222352818556074
things,did,5.222352818556074
next,was,5.2121169770157865
turn,was,5.2121169770157865
was,certain,5.2121169770157865
was,decreed,5.2121169770157865
was,evil,5.2121169770157865
was,full,5.2121169770157865
was,glad,5.2121169770157865
was,heard,5.2121169770157865
was,next,5.2121169770157865
was,why,5.2121169770157865
but,laid,5.189499705444453
but,morrow,5.189499705444453
gladness,but,5.189499705444453
provinces,gathered,5.189499705444453
thus,came,5.189499705444453
day,first,5.172279190367107
third,day,5.172279190367106
every,year,5.1576175080968625
house,custody,5.1576175080968625
not,shewed,5.1576175080968625
not,yet,5.1576175080968625
second,house,5.1576175080968625
who,told,5.155701985039755
writing,decree,5.155701985039755
commanded,chapter,5.13399986949198
honour,now,5.13399986949198
according,appointed,5.092048251608464
appointed,according,5.092048251608464
many,people,5.082621611200318
power,people,5.082621611200318
then,esther,5.0780876770167955
made,great,5.060016139661954
all,women,5.014271370129611
virgins,were,5.010477380709896
were,yet,5.010477380709896
enemies,month,4.999365223953979
month,twelfth,4.999365223953979
who,thou,4.978801329707064
kingdom,even,4.939479153270716
kingdom,honour,4.939479153270716
kings,face,4.903061320542274
kings,manner,4.903061320542274
pay,kings,4.903061320542274
rest,kings,4.903061320542274
made,who,4.817111690617348
together,palace,4.817111690617348
let,apparel,4.799063374869195
perish,but,4.799063374869194
prepared,but,4.799063374869194
called,come,4.772090275552735
more,before,4.7458617202683255
stood,before,4.7458617202683255
done,decree,4.745605476853312
jews,lieutenants,4.732070463754975
jews,rested,4.732070463754975
fail,jews,4.732070463754974
fear,jews,4.732070463754974
mourning,jews,4.732070463754974
said,again,4.686081334783041
said,wife,4.686081334783041
make,days,4.685157971497058
seven,days,4.685157971497058
law,not,4.66843482800953
purim,not,4.66843482800953
stood,not,4.66843482800953
throughout,every,4.66843482800953
time,every,4.66843482800953
every,thing,4.668434828009529
house,more,4.668434828009529
then,was,4.637437269313922
out,kings,4.609376610687397
had,advanced,4.6055013606148805
had,carried,4.6055013606148805
had,held,4.6055013606148805
had,neither,4.6055013606148805
kindred,had,4.6055013606148805
even,given,4.602183147854423
made,chapter,4.602183147854422
bring,queen,4.594088071012862
queen,daughter,4.594088071012862
queen,thus,4.594088071012862
sceptre,then,4.57053578706051
seed,then,4.57053578706051
words,then,4.57053578706051
banquet,have,4.569999110527581
gate,told,4.569999110527581
have,done,4.569999110527581
behold,haman,4.525626044230938
cause,haman,4.525626044230938
garden,haman,4.525626044230938
taken,haman,4.525626044230938
therefore,were,4.522593191183265
were,throughout,4.522593191183265
day,heart,4.515337007272535
day,many,4.515337007272535
day,posts,4.515337007272535
second,day,4.515337007272535
went,palace,4.409604179375812
palace,there,4.409604179375811
palace,went,4.409604179375811
called,days,4.409449335567645
princes,have,4.395040202937288
esther,above,4.375435358613567
esther,golden,4.375435358613567
know,esther,4.375435358613567
life,esther,4.375435358613567
answered,before,4.358667932583152
commandment,now,4.316847118824109
enemy,not,4.281890180226743
not,been,4.281890180226743
all,officers,4.27024301057534
all,rulers,4.27024301057534
fail,all,4.27024301057534
peace,all,4.27024301057534
have,given,4.235292940190316
then,were,4.212044793769483
petition,people,4.208192773890426
petition,queen,4.208192773890426
queen,answered,4.208192773890426
was,taken,4.203290256053721
destroy,but,4.202035081871213
let,gallows,4.202035081871213
let,things,4.202035081871213
provinces,are,4.202035081871213
provinces,destroy,4.202035081871213
provinces,gave,4.202035081871213
city,days,4.169783229226352
but,haman,4.160971054190283
were,both,4.137347455618059
come,banquet,4.125563696959533
come,kingdom,4.125563696959533
man,come,4.125563696959533
then,thus,4.087202964948295
then,took,4.087202964948295
jews,fell,4.080995299261375
seed,jews,4.0809952992613745
given,out,4.0761935556543865
out,palace,4.0761935556543865
brought,before,4.039295483777482
day,enemies,4.032655226838928
day,gladness,4.032655226838928
chamberlains,came,3.9636657822012933
hand,but,3.9636657822012933
request,let,3.9636657822012933
but,city,3.963665782201293
over,every,3.963167082081376
over,house,3.963167082081376
days,even,3.9580940781952183
had,joy,3.956385699887525
had,shewed,3.956385699887525
did,commandment,3.9525484241357054
haman,had,3.9023798969827643
chronicles,kings,3.900801671701205
garden,kings,3.900801671701205
keep,kings,3.900801671701205
kings,laws,3.900801671701205
kings,lieutenants,3.900801671701205
haman,see,3.877817786732786
haman,silver,3.877817786732786
pleased,haman,3.877817786732786
wife,haman,3.877817786732786
letters,were,3.8199236916211934
were,over,3.8199236916211934
were,sent,3.8199236916211934
said,petition,3.819452305224777
royal,commandment,3.7947454259807127
days,decree,3.768755551153082
days,told,3.768755551153082
before,court,3.768127881301327
came,even,3.7532738584027108
honour,came,3.7532738584027108
honour,let,3.7532738584027108
provinces,now,3.7532738584027108
custody,esther,3.730244474324713
esther,obtained,3.730244474324713
esther,set,3.730244474324713
esther,words,3.730244474324713
esther,yet,3.730244474324713
sceptre,esther,3.730244474324713
belonged,king,3.714739056254702
except,king,3.714739056254702
king,cast,3.714739056254702
king,deed,3.714739056254702
king,hang,3.714739056254702
king,inner,3.714739056254702
king,returned,3.714739056254702
next,king,3.714739056254702
reign,king,3.714739056254702
speak,king,3.714739056254702
treasuries,king,3.714739056254702
good,then,3.7065100769178936
then,answered,3.706510076917893
then,sat,3.706510076917893
are,not,3.692649041161209
not,called,3.692649041161209
all,fair,3.6270174065141503
all,power,3.6270174065141503
all,virgins,3.6270174065141503
all,words,3.6270174065141503
fell,all,3.6270174065141503
posts,all,3.6270174065141503
seed,all,3.6270174065141503
wrote,all,3.6270174065141503
yet,all,3.6270174065141503
people,are,3.620250968973556
queen,jew,3.620250968973556
enemies,jews,3.6041824503808315
language,jews,3.6041824503808315
sons,jews,3.6041824503808315
therefore,jews,3.6041824503808315
thus,jews,3.6041824503808315
jews,another,3.604182450380831
jews,gathered,3.604182450380831
came,there,3.565232979431352
decree,let,3.565232979431352
provinces,man,3.565232979431352
fell,was,3.561375912500238
sceptre,was,3.561375912500238
were,called,3.5507054070544393
request,before,3.5330042818197347
daughter,had,3.481532994925101
thing,had,3.481532994925101
king,commanded,3.4738248630425765
bring,haman,3.404272912465401
haman,sought,3.404272912465401
haman,stood,3.404272912465401
more,haman,3.404272912465401
took,haman,3.404272912465401
did,let,3.395461301248397
gate,but,3.395461301248397
gate,let,3.395461301248397
princes,provinces,3.395461301248397
but,also,3.3954613012483965
but,have,3.3954613012483965
but,thou,3.3954613012483965
queen,who,3.3864271258459917
servants,people,3.3864271258459917
had,not,3.3856754048057516
month,there,3.3828831260349217
day,make,3.340395622914875
even,before,3.325859112010405
also,according,3.302550880866571
again,kings,3.265456557302225
kings,media,3.265456557302225
pass,kings,3.265456557302225
same,kings,3.265456557302225
appointed,esther,3.259317829876495
book,esther,3.259317829876495
esther,daughter,3.259317829876495
esther,put,3.259317829876495
saw,esther,3.259317829876495
now,every,3.251680028223659
province,every,3.251680028223659
given,let,3.240902950165879
let,royal,3.240902950165879
enemy,jews,3.230011661780141
jews,both,3.230011661780141
also,month,3.2144103600705556
commanded,queen,3.1805821348673597
even,people,3.1805821348673597
people,chapter,3.1805821348673593
people,province,3.1805821348673593
all,enemies,3.1580566862258634
all,such,3.1580566862258634
appointed,all,3.1580566862258634
therefore,all,3.1580566862258634
king,banquet,3.1331110406875164
then,called,3.128978167639408
women,let,3.099210452438661
daughter,was,3.093726882711384
therefore,was,3.093726882711384
thing,was,3.093726882711384
adar,day,3.0763848270965006
every,man,3.0675371527949986
not,done,3.0675371527949986
not,told,3.0675371527949986
haman,answered,3.033371166791804
haman,apparel,3.033371166791804
haman,sat,3.033371166791804
wine,haman,3.033371166791804
chamberlains,said,3.009395882837766
said,who,3.009395882837766
servants,said,3.009395882837766
also,before,2.9745432269691596
before,thou,2.9745432269691596
haman,was,2.968835254086245
commandment,let,2.9685413085736316
let,come,2.9685413085736316
jews,hundred,2.923666453415536
gate,house,2.9016647447676363
have,not,2.9016647447676363
thou,not,2.9016647447676363
not,thou,2.901664744767636
not,written,2.901664744767636
answered,esther,2.891035171194231
enemy,esther,2.891035171194231
esther,answered,2.891035171194231
did,king,2.8330366169407513
king,princes,2.8330366169407513
also,queen,2.8318678760260285
people,also,2.8318678760260285
people,princes,2.8318678760260285
princes,queen,2.8318678760260285
queen,also,2.8318678760260285
queen,did,2.8318678760260285
thou,queen,2.8318678760260285
days,days,2.823692873003683
said,honour,2.807456507455499
after,had,2.804939207926229
kings,wrath,2.804378915118634
saw,kings,2.804378915118634
enemy,all,2.7917405960579416
sight,all,2.7917405960579416
princes,were,2.7649243636109597
house,royal,2.751006931280284
out,house,2.751006931280284
palace,house,2.751006931280284
king,advanced,2.750999608944311
king,behold,2.750999608944311
officers,king,2.750999608944311
taken,king,2.750999608944311
hanged,haman,2.730296070368957
king,king,2.727514489398965
honour,then,2.6997260064551334
then,commanded,2.6997260064551334
queen,made,2.6818608923572467
given,people,2.6818608923572462
made,queen,2.6818608923572462
destroy,jews,2.6655303355037114
great,jews,2.6655303355037114
son,jews,2.6655303355037114
day,even,2.6484366594502315
esther,was,2.64100897589112
palace,were,2.6155684216204085
king,made,2.5664638867921536
destroy,had,2.5487651568980665
days,according,2.5402557613716934
according,days,2.540255761371693
kingdom,then,2.5214444182414164
then,there,2.5214444182414164
then,went,2.5214444182414164
haman,said,2.4823718126866168
said,haman,2.4823718126866168
adar,haman,2.4754311341109263
haman,gave,2.4754311341109263
jew,haman,2.4754311341109263
day,banquet,2.4708073869691516
gate,said,2.4665572953359294
said,have,2.4665572953359294
thou,said,2.4665572953359294
prepared,kings,2.445948493196315
hand,jews,2.443442467476017
but,came,2.4374408878463534
queen,come,2.4186064269187253
come,people,2.418606426918725
gate,then,2.3614352066475934
before,kings,2.35907620887231
called,esther,2.338335886257135
esther,gave,2.338335886257135
jew,esther,2.338335886257135
day,did,2.311450703936732
haman,then,2.30268920335245
commanded,jews,2.2493372787759434
all,things,2.2429763829022438
destroy,all,2.2429763829022438
great,all,2.2429763829022438
jew,was,2.182584233662488
name,was,2.182584233662488
was,jew,2.182584233662488
was,son,2.182584233662488
over,kings,2.1553488148810036
horse,king,2.15418749215075
king,fell,2.15418749215075
king,virgins,2.15418749215075
king,yet,2.15418749215075
year,king,2.15418749215075
esther,one,2.122141932173891
month,month,2.0987578894698844
women,then,2.0847188267840644
before,but,2.042551791218492
days,were,2.029968564874596
were,days,2.029968564874596
were,kings,2.0194663115339115
came,every,1.9748841897185985
came,not,1.9748841897185985
banquet,had,1.9667133165116375
had,done,1.9667133165116375
esther,chapter,1.9339325879541045
also,jews,1.9241141160158413
jews,have,1.9241141160158413
jews,thou,1.9241141160158413
come,day,1.9157960507372453
but,queen,1.910299899312446
people,came,1.910299899312446
queen,came,1.910299899312446
haman,banquet,1.897309210670157
told,haman,1.897309210670157
went,haman,1.897309210670157
according,every,1.8910868852661626
not,according,1.8910868852661626
all,commanded,1.8425107388727961
queen,according,1.8271551234191867
had,written,1.8152036274308947
written,had,1.8152036274308947
palace,jews,1.785858431152452
decree,esther,1.7680815272728312
kingdom,esther,1.7680815272728312
told,esther,1.7680815272728312
written,haman,1.7471103523868203
away,king,1.7316556521522322
king,bring,1.7316556521522322
king,granted,1.7316556521522322
king,laid,1.7316556521522322
king,lay,1.7316556521522322
king,saw,1.7316556521522322
king,thing,1.7316556521522322
king,will,1.7316556521522322
sought,king,1.7316556521522322
such,king,1.7316556521522322
wrath,king,1.7316556521522322
city,kings,1.706631392701439
had,made,1.6789132227959083
told,all,1.6786294748228516
done,was,1.622178859958456
kingdom,was,1.622178859958456
was,done,1.622178859958456
gate,esther,1.6205069108193182
said,king,1.608626906447543
said,let,1.5763005009782096
said,kings,1.559503850188293
come,jews,1.5461180773721759
before,people,1.538241867889866
queen,before,1.538241867889866
all,thou,1.5330253018977695
also,all,1.5330253018977695
princes,all,1.5330253018977695
commanded,kings,1.528287244501856
province,kings,1.528287244501856
given,esther,1.4881528696357118
out,esther,1.4881528696357118
people,every,1.475144950756688
queen,not,1.475144950756688
had,come,1.443105361689829
answered,king,1.4117838455092961
enemy,king,1.4117838455092961
king,answered,1.4117838455092961
king,both,1.4117838455092961
prepared,king,1.4117838455092961
kings,decree,1.3723046249838016
women,esther,1.3686719347105591
people,were,1.3579772728605315
palace,was,1.3488215856685908
was,made,1.3488215856685908
days,jews,1.255814285212541
also,kings,1.234601696972575
kings,princes,1.234601696972575
thou,kings,1.234601696972575
said,before,1.2238535277611922
commandment,all,1.1786552185765942
brought,king,1.1597556040870454
king,after,1.1597556040870454
king,make,1.1597556040870454
king,may,1.1597556040870454
king,thereof,1.1597556040870454
kings,palace,1.1121225936484427
but,jews,1.096664111359966
came,jews,1.096664111359966
day,before,1.0942455057127727
not,then,1.0778672512179233
every,day,1.037040573255044
jews,according,1.0253014020470985
but,had,1.003493918363182
women,kings,1.0025198481399513
court,king,0.9559544500182038
gallows,king,0.9559544500182038
king,great,0.9559544500182038
king,name,0.9559544500182038
name,king,0.9559544500182038
things,king,0.9559544500182038
king,esther,0.8678033231081028
but,esther,0.8403243236840676
esther,came,0.8403243236840676
servants,king,0.7882195546652366
jews,before,0.783555011152786
said,then,0.748023501517507
haman,king,0.6867279361431535
people,jews,0.6840526074342925
queen,jews,0.6840526074342925
was,according,0.6618762963343052
before,haman,0.6492302450673813
chapter,king,0.6484853594169353
king,chapter,0.6484853594169353
queen,king,0.6259054623939158
queen,had,0.6046891277637518
month,was,0.6045056134918889
day,day,0.6038441619574386
haman,house,0.6012252632004143
but,kings,0.5335097764062504
came,kings,0.5335097764062504
done,king,0.5311255486357256
king,man,0.5311255486357256
king,there,0.5311255486357256
esther,house,0.5114518821282976
king,had,0.5072843441079473
was,before,0.45700847459745075
also,king,0.4320582937131421
king,did,0.4320582937131421
king,have,0.4320582937131421
princes,king,0.4320582937131421
thou,king,0.4320582937131421
people,all,0.4113268367713514
jews,then,0.3865946947362807
was,queen,0.3759635861692241
were,all,0.3738920566466666
palace,king,0.3482277363980061
was,kings,0.3295422525996581
then,haman,0.2852243241457786
not,kings,0.2640924718063272
haman,day,0.26019499684518965
people,kings,0.23173512033417276
come,king,0.21739185571093012
commandment,king,0.21739185571093012
day,esther,0.19683300048308705
day,all,0.15683721625266844
was,then,0.15245764738643575
king,then,0.15090953999368362
king,was,0.1437587799651825
haman,jews,0.0978245010123685
days,king,0.09058049838083748
was,king,0.07792681530438117
then,kings,0.06126207523078603
haman,esther,0.019851291828064888
all,had,0.0163869397622394
king,queen,0.010276385345457634
all,haman,0.0077301244944269765
all,was,0.006460062678022377
house,king,0.0038040649273344135
king,house,0.0038040649273344135
not,king,0.0038040649273344135
was,haman,0.0028760595623339713
all,esther,0.00011749084714952202
