children,children,264.4907109345877
house,god,198.18783380453215
son,son,118.55974285760209
priests,levites,109.22433214328198
cyrus,king,99.66748901847785
hundred,twenty,97.39150791236607
king,persia,95.56461268275586
strange,wives,89.68013554499106
side,river,89.58493171112549
burnt,offerings,82.83014607112474
silver,gold,78.05978446430731
beyond,river,77.84047639016555
taken,strange,77.709343667408
carried,away,71.99479077555657
chief,fathers,68.66542779507955
males,sons,66.72216924270947
god,heaven,66.54987534799827
two,hundred,63.85440426004572
artaxerxes,king,63.00296445754206
build,house,58.27453135065733
lord,god,55.357929866487424
every,one,50.46085506465347
been,carried,49.53598626799547
gathered,together,49.24700788366673
ezra,priest,48.25591568270356
chapter,now,48.21873299834773
god,israel,47.48516055258689
toll,tribute,44.258646126016785
freewill,offering,44.24620382879411
now,therefore,42.77689747316339
hundred,fifty,42.512443848022286
elders,jews,42.062613229638785
made,decree,41.32482417745971
hundred,forty,41.24312425003306
three,hundred,39.650472865717056
six,hundred,39.4623447574243
first,day,38.282548257922414
chancellor,scribe,37.30007225366062
such,time,35.8061086012552
singers,porters,35.29923929016406
sons,sons,34.65289118402317
garment,mantle,34.127281145578614
haggai,prophet,34.127281145578614
proclamation,throughout,34.127281145578614
rent,garment,34.127281145578614
syrian,tongue,34.127281145578614
seven,hundred,33.72180782068205
hundred,thirty,33.41463620772759
copy,letter,32.80461041332012
river,companions,32.577562642858716
had,been,31.737253213497134
out,captivity,31.421309280516986
twenty,three,31.318479882970003
first,month,30.654205924011595
have,taken,30.53155265108098
book,records,30.308196135809737
extended,mercy,30.308196135809737
loud,voice,30.308196135809737
month,began,30.218706834087676
three,days,29.937310346758593
four,hundred,29.48458674127827
judah,benjamin,29.253017243446745
goods,beasts,28.58210370109905
day,first,28.17165993050977
house,lord,27.639212594041425
rest,companions,26.731165669806256
forty,five,26.731165669806252
make,decree,26.731165669806252
priest,scribe,26.731165669806252
evening,sacrifice,26.489647175364063
prophet,zechariah,26.489111126040864
solomons,servants,26.489111126040864
children,captivity,26.109415397906574
threescore,cubits,25.75150690538501
twenty,eight,25.470237331546947
people,lands,25.204106672746637
seem,good,25.129918831677678
samaria,rest,24.59256956254083
two,children,24.30852626212814
sons,son,24.282439419684348
first,year,24.153864242770542
great,stones,24.119232674814853
sin,offering,24.119232674814853
fifty,four,23.833033771650513
read,before,23.3138121327873
out,temple,23.28699664881575
year,cyrus,23.192479199325206
work,house,23.19212365694408
five,children,23.155006823914885
bullocks,rams,23.03907102884057
rams,lambs,23.03907102884057
sat,down,23.03907102884057
tribute,custom,23.03907102884057
answered,said,22.964882575382592
fifth,month,22.964882575382592
according,counsel,22.347047128752052
set,forward,22.347047128752052
thou,art,22.347047128752052
thou,find,22.347047128752052
hundred,seventy,22.34636652385143
nebuchadnezzar,took,21.85520462074616
daughters,sons,21.838919032909587
are,beyond,21.71196661028568
thousand,drams,21.340442357405003
made,proclamation,21.123962209920684
sons,also,20.886579898615953
law,moses,20.777239918704048
offerings,thereon,20.777239918704048
fifty,six,20.766259883439417
hundred,talents,20.467611698401324
thousand,two,20.37795198357815
two,thousand,20.37795198357815
old,time,20.304440087913264
did,eat,20.21169354927213
had,taken,20.182440503264484
people,land,20.182440503264484
sons,brethren,20.08471391517137
have,transgressed,19.868470346994656
thus,who,19.76543136183531
who,commanded,19.76543136183531
transgression,had,19.717437275124038
sons,elam,19.631762210289573
second,year,19.591179156982584
seventh,year,19.591179156982584
willingly,offered,19.500094092592768
forty,two,19.17160478350218
brought,forth,19.054903857538118
offer,burnt,19.054903857538115
walls,thereof,19.029437447233455
were,reckoned,18.914451973101915
zechariah,son,18.601782367244077
king,counsellors,18.473565902479812
accusation,inhabitants,18.450202814973043
ammonites,egyptians,18.450202814973043
apparel,trumpets,18.450202814973043
assyria,strengthen,18.450202814973043
babylonians,elamites,18.450202814973043
band,soldiers,18.450202814973043
bases,fear,18.450202814973043
blush,lift,18.450202814973043
canaanites,hittites,18.450202814973043
cedar,trees,18.450202814973043
cymbals,praise,18.450202814973043
damage,grow,18.450202814973043
evil,deeds,18.450202814973043
far,thence,18.450202814973043
fasted,besought,18.450202814973043
fell,knees,18.450202814973043
fine,copper,18.450202814973043
frustrate,purpose,18.450202814973043
giving,thanks,18.450202814973043
grow,hurt,18.450202814973043
heaviness,having,18.450202814973043
hittites,ammonites,18.450202814973043
imprisonment,blessed,18.450202814973043
keep,weigh,18.450202814973043
knees,spread,18.450202814973043
lawful,impose,18.450202814973043
lebanon,sea,18.450202814973043
levite,helped,18.450202814973043
lieutenants,governors,18.450202814973043
masons,carpenters,18.450202814973043
michael,fourscore,18.450202814973043
minded,own,18.450202814973043
mouth,jeremiah,18.450202814973043
numbered,prince,18.450202814973043
praising,giving,18.450202814973043
pray,life,18.450202814973043
prospered,through,18.450202814973043
pure,killed,18.450202814973043
ram,flock,18.450202814973043
repair,desolations,18.450202814973043
required,afterward,18.450202814973043
righteous,remain,18.450202814973043
rolls,treasures,18.450202814973043
sea,joppa,18.450202814973043
soldiers,horsemen,18.450202814973043
sought,register,18.450202814973043
space,grace,18.450202814973043
spoil,confusion,18.450202814973043
sweet,savours,18.450202814973043
through,prophesying,18.450202814973043
treasurer,numbered,18.450202814973043
trees,lebanon,18.450202814973043
watch,keep,18.450202814973043
gold,vessels,18.447946306637178
laid,foundation,18.4094601118765
concerning,matter,18.409460111876495
was,written,18.281545476882833
three,children,18.138332887776546
judah,jerusalem,18.03497994682521
were,come,17.962171145234578
foundation,temple,17.873722013621755
foundation,house,17.780249722722004
captivity,kept,17.779370068063272
all,people,17.730861960305248
forth,out,17.431515635003098
seventh,month,17.431515635003098
thereof,threescore,17.389148284991954
kings,treasure,17.31454813913337
law,god,17.254525846909306
all,substance,17.252044544778578
within,three,17.109733268972125
also,certify,16.914956232536355
gold,silver,16.806158866147474
brethren,priests,16.776112017885005
year,reign,16.770245496344398
hundred,baths,16.589911624550965
great,trespass,16.498239260411406
letter,was,16.422755306823046
temple,lord,16.422755306823046
fifty,two,16.314459900910844
gold,goods,16.283058652030512
dedication,house,16.2645003067187
ministers,house,16.2645003067187
put,away,16.235582233535766
then,rose,16.21925374282951
talents,silver,16.041338715440457
people,shouted,15.91233645579888
reign,king,15.702421628156376
offering,lord,15.681607629382501
afar,off,15.677614092733261
another,uncleanness,15.677614092733261
art,righteous,15.677614092733261
ashamed,blush,15.677614092733261
being,guilty,15.677614092733261
both,young,15.677614092733261
carpenters,meat,15.677614092733261
confessed,weeping,15.677614092733261
confusion,face,15.677614092733261
copper,precious,15.677614092733261
cubits,breadth,15.677614092733261
employed,about,15.677614092733261
feast,tabernacles,15.677614092733261
feast,unleavened,15.677614092733261
filthiness,heathen,15.677614092733261
force,power,15.677614092733261
forthwith,expenses,15.677614092733261
forward,workmen,15.677614092733261
hair,head,15.677614092733261
having,rent,15.677614092733261
head,beard,15.677614092733261
horsemen,help,15.677614092733261
joined,foundations,15.677614092733261
joyful,turned,15.677614092733261
killed,passover,15.677614092733261
kingdoms,earth,15.677614092733261
lighten,eyes,15.677614092733261
magistrates,judges,15.677614092733261
mantle,fell,15.677614092733261
mantle,plucked,15.677614092733261
measures,wheat,15.677614092733261
mourned,transgression,15.677614092733261
moved,sedition,15.677614092733261
nebo,joel,15.677614092733261
need,both,15.677614092733261
new,moons,15.677614092733261
occasion,bestow,15.677614092733261
off,hair,15.677614092733261
only,jonathan,15.677614092733261
passover,fourteenth,15.677614092733261
plainly,read,15.677614092733261
pleasure,separate,15.677614092733261
plucked,off,15.677614092733261
prescribing,much,15.677614092733261
proclaimed,fast,15.677614092733261
prophesying,haggai,15.677614092733261
rebellion,sedition,15.677614092733261
rebellious,bad,15.677614092733261
roll,therein,15.677614092733261
row,new,15.677614092733261
sacrifices,sweet,15.677614092733261
salt,prescribing,15.677614092733261
send,pleasure,15.677614092733261
statutes,judgments,15.677614092733261
stones,row,15.677614092733261
told,say,15.677614092733261
tongue,interpreted,15.677614092733261
touching,any,15.677614092733261
unleavened,bread,15.677614092733261
very,sore,15.677614092733261
weeping,casting,15.677614092733261
why,damage,15.677614092733261
women,horses,15.677614092733261
years,ago,15.677614092733261
have,been,15.51434313419159
hundred,threescore,15.498013655163213
commanded,build,15.350339907817286
said,thus,15.350339907817286
scribe,law,15.084166719819398
scribe,rest,15.084166719819398
reign,artaxerxes,14.964887154264092
threescore,males,14.964887154264092
israel,priests,14.803803281596606
according,commandment,14.736807850625157
elam,thousand,14.6377303576093
names,men,14.6377303576093
ability,treasure,14.631117805204168
able,stand,14.631117805204168
altar,bases,14.631117805204168
appointed,times,14.631117805204168
break,commandments,14.631117805204168
certify,touching,14.631117805204168
commandments,join,14.631117805204168
courses,service,14.631117805204168
discern,noise,14.631117805204168
drink,water,14.631117805204168
hanged,thereon,14.631117805204168
heard,afar,14.631117805204168
heart,beautify,14.631117805204168
impose,toll,14.631117805204168
iniquities,deserve,14.631117805204168
jeremiah,might,14.631117805204168
know,laws,14.631117805204168
less,iniquities,14.631117805204168
little,ones,14.631117805204168
little,space,14.631117805204168
might,afflict,14.631117805204168
might,write,14.631117805204168
morning,evening,14.631117805204168
oil,tyre,14.631117805204168
old,upward,14.631117805204168
ordinance,david,14.631117805204168
pay,toll,14.631117805204168
prepared,heart,14.631117805204168
remnant,escape,14.631117805204168
remnant,escaping,14.631117805204168
right,way,14.631117805204168
shout,praised,14.631117805204168
shouted,aloud,14.631117805204168
trespasses,stand,14.631117805204168
wealth,ever,14.631117805204168
burnt,offering,14.61459226268093
letter,sent,14.61459226268093
eight,children,14.507607515152301
then,stood,14.506069783827858
chief,priests,14.490209007801802
jerusalem,let,14.369370506943497
seventy,males,14.348673260901178
levites,singers,14.219129015448944
will,not,14.219129015448942
all,israel,14.16583751968891
children,solomons,14.061803172048775
are,holy,14.025430000874685
are,many,14.025430000874685
did,cyrus,14.006191006104427
come,out,14.002970811921756
aloud,joy,13.951521658022576
bani,joseph,13.951521658022576
beard,sat,13.951521658022576
buy,speedily,13.951521658022576
casting,down,13.951521658022576
confiscation,goods,13.951521658022576
eat,most,13.951521658022576
executed,speedily,13.951521658022576
fierce,wrath,13.951521658022576
hezekiah,ninety,13.951521658022576
increased,over,13.951521658022576
lands,doing,13.951521658022576
lands,sword,13.951521658022576
lands,yea,13.951521658022576
perfect,peace,13.951521658022576
province,judea,13.951521658022576
province,roll,13.951521658022576
pulled,down,13.951521658022576
ruled,over,13.951521658022576
strong,eat,13.951521658022576
take,heed,13.951521658022576
took,wife,13.951521658022576
whatsoever,more,13.951521658022576
wife,daughters,13.951521658022576
young,bullocks,13.951521658022576
offered,burnt,13.816699616590798
son,brethren,13.55631789340849
bondmen,yet,13.446178579591166
bring,cedar,13.446178579591166
building,hired,13.446178579591166
caused,name,13.446178579591166
chaldean,who,13.446178579591166
counsellors,enquire,13.446178579591166
counsellors,frustrate,13.446178579591166
counsellors,lords,13.446178579591166
diligently,done,13.446178579591166
done,speed,13.446178579591166
enquire,concerning,13.446178579591166
forfeited,separated,13.446178579591166
hired,counsellors,13.446178579591166
may,judge,13.446178579591166
may,lighten,13.446178579591166
most,holy,13.446178579591166
name,sought,13.446178579591166
nehemiah,number,13.446178579591166
number,tribes,13.446178579591166
own,freewill,13.446178579591166
porters,dwelt,13.446178579591166
remain,yet,13.446178579591166
tyre,bring,13.446178579591166
whole,congregation,13.446178579591166
write,names,13.446178579591166
yet,escaped,13.446178579591166
sent,king,13.135088128416783
good,hand,13.118410757570032
again,break,13.043468308577388
escape,give,13.043468308577388
flock,trespass,13.043468308577388
increase,trespass,13.043468308577388
paid,give,13.043468308577388
record,thus,13.043468308577388
seek,right,13.043468308577388
servants,maids,13.043468308577388
strengthen,hands,13.043468308577388
trespass,seeing,13.043468308577388
weakened,hands,13.043468308577388
known,king,12.93902723670059
about,strengthened,12.905561276179721
alter,destroy,12.905561276179721
ashamed,require,12.905561276179721
baths,wine,12.905561276179721
beasts,precious,12.905561276179721
bestow,bestow,12.905561276179721
both,new,12.905561276179721
end,another,12.905561276179721
eyes,wept,12.905561276179721
goats,sin,12.905561276179721
much,rain,12.905561276179721
salt,wine,12.905561276179721
singing,women,12.905561276179721
wept,very,12.905561276179721
wheat,salt,12.905561276179721
according,law,12.861234051536101
away,babylon,12.861234051536101
temple,babylon,12.861234051536101
hundred,ten,12.80215743799491
beginning,reign,12.708574358935318
breadth,thereof,12.708574358935318
consecrated,every,12.708574358935318
desolations,thereof,12.708574358935318
dishonour,therefore,12.708574358935318
duty,every,12.708574358935318
heathen,land,12.708574358935318
height,thereof,12.708574358935318
kingdom,put,12.708574358935318
knives,thirty,12.708574358935318
land,weakened,12.708574358935318
polluted,put,12.708574358935318
put,priesthood,12.708574358935318
thereof,fierce,12.708574358935318
thereof,joined,12.708574358935318
times,elders,12.708574358935318
unclean,land,12.708574358935318
even,artaxerxes,12.554077735959495
treasure,house,12.479470173991377
arise,matter,12.421880234870054
builders,laid,12.421880234870054
companions,babylonians,12.421880234870054
deserve,given,12.421880234870054
examine,matter,12.421880234870054
good,courage,12.421880234870054
laid,height,12.421880234870054
make,confession,12.421880234870054
make,covenant,12.421880234870054
matter,levite,12.421880234870054
priest,certain,12.421880234870054
priest,whole,12.421880234870054
prophesied,jews,12.421880234870054
sixth,year,12.421880234870054
strongly,laid,12.421880234870054
trembling,matter,12.421880234870054
uriah,priest,12.421880234870054
went,chamber,12.421880234870054
year,coming,12.421880234870054
assur,brought,12.17122508979847
camels,four,12.17122508979847
continual,burnt,12.17122508979847
daily,burnt,12.17122508979847
days,viewed,12.17122508979847
elamites,rest,12.17122508979847
five,asses,12.17122508979847
five,camels,12.17122508979847
heaven,perfect,12.17122508979847
heaven,pray,12.17122508979847
heavens,days,12.17122508979847
law,arise,12.17122508979847
noble,brought,12.17122508979847
offerings,morning,12.17122508979847
ready,scribe,12.17122508979847
rest,nations,12.17122508979847
restored,brought,12.17122508979847
jerusalem,whatsoever,12.004026928772543
sons,bani,12.004026928772543
hand,god,11.979414328154656
ago,great,11.94854334714408
bad,city,11.94854334714408
city,hurtful,11.94854334714408
deeds,great,11.94854334714408
gather,together,11.94854334714408
great,noble,11.94854334714408
nations,great,11.94854334714408
purified,together,11.94854334714408
rows,great,11.94854334714408
sang,together,11.94854334714408
sent,certified,11.94854334714408
such,deliverance,11.94854334714408
wives,increase,11.94854334714408
wives,namely,11.94854334714408
five,thousand,11.869709399212486
alter,word,11.85960103797518
astonied,evening,11.85960103797518
baths,oil,11.85960103797518
bread,drink,11.85960103797518
destroyed,certify,11.85960103797518
forsaken,commandments,11.85960103797518
little,reviving,11.85960103797518
man,understanding,11.85960103797518
meat,drink,11.85960103797518
new,timber,11.85960103797518
noise,weeping,11.85960103797518
oil,salt,11.85960103797518
prophets,haggai,11.85960103797518
records,know,11.85960103797518
returned,answer,11.85960103797518
sacrifice,arose,11.85960103797518
sedition,within,11.85960103797518
stand,neither,11.85960103797518
stones,timber,11.85960103797518
teach,know,11.85960103797518
ten,other,11.85960103797518
tongue,chancellor,11.85960103797518
turned,heart,11.85960103797518
wept,loud,11.85960103797518
wine,oil,11.85960103797518
words,commandments,11.85960103797518
years,old,11.85960103797518
there,were,11.839657611237788
after,ability,11.748208673289803
after,manner,11.748208673289803
after,ordinance,11.748208673289803
after,wisdom,11.748208673289803
called,after,11.748208673289803
place,told,11.748208673289803
afflict,before,11.566139221625185
afterward,offered,11.566139221625185
builded,prospered,11.566139221625185
but,eye,11.566139221625185
captivity,gather,11.566139221625185
captivity,spoil,11.566139221625185
cherub,but,11.566139221625185
even,canaanites,11.566139221625185
fourscore,males,11.566139221625185
gods,even,11.566139221625185
guilty,offered,11.566139221625185
hither,but,11.566139221625185
males,last,11.566139221625185
offered,continual,11.566139221625185
offered,daily,11.566139221625185
offered,ram,11.566139221625185
ono,seven,11.566139221625185
sword,captivity,11.566139221625185
weigh,before,11.566139221625185
came,nehemiah,11.399279115885097
came,thither,11.399279115885097
month,adar,11.399279115885097
month,examine,11.399279115885097
ninth,month,11.399279115885097
one,trembled,11.399279115885097
priesthood,said,11.399279115885097
seen,first,11.399279115885097
spread,out,11.399279115885097
tenth,month,11.399279115885097
asses,six,11.245280879745758
been,plainly,11.245280879745758
been,shewed,11.245280879745758
gaba,six,11.245280879745758
grace,been,11.245280879745758
six,mules,11.245280879745758
sixty,six,11.245280879745758
vessels,fine,11.245280879745758
ceased,second,11.180541083829244
down,astonied,11.180541083829244
kept,dedication,11.180541083829244
kept,feast,11.180541083829244
kept,passover,11.180541083829244
lambs,meat,11.180541083829244
lambs,sin,11.180541083829244
money,bullocks,11.180541083829244
much,whatsoever,11.180541083829244
neither,take,11.180541083829244
offer,sacrifices,11.180541083829244
over,head,11.180541083829244
power,wrath,11.180541083829244
precious,things,11.180541083829244
sat,astonied,11.180541083829244
second,sort,11.180541083829244
speedily,money,11.180541083829244
thing,rent,11.180541083829244
whatsoever,seem,11.180541083829244
wrath,realm,11.180541083829244
nine,hundred,11.107404291201917
according,appointment,11.102302011133986
according,grant,11.102302011133986
adversaries,judah,11.102302011133986
babylon,chaldean,11.102302011133986
born,according,11.102302011133986
deliver,thou,11.102302011133986
doing,according,11.102302011133986
inhabitants,judah,11.102302011133986
joppa,according,11.102302011133986
judah,troubled,11.102302011133986
means,thou,11.102302011133986
prince,judah,11.102302011133986
request,according,11.102302011133986
seeing,thou,11.102302011133986
set,feasts,11.102302011133986
set,magistrates,11.102302011133986
thou,buy,11.102302011133986
thou,consumed,11.102302011133986
thou,revenue,11.102302011133986
upward,set,11.102302011133986
fathers,watch,10.968869736366345
hand,treasurer,10.968869736366345
shew,fathers,10.968869736366345
yea,hand,10.968869736366345
aaron,chief,10.843788228734699
certain,chief,10.843788228734699
day,behold,10.843788228734699
day,required,10.843788228734699
day,tenth,10.843788228734699
fourteenth,day,10.843788228734699
fourth,day,10.843788228734699
third,day,10.843788228734699
twelfth,day,10.843788228734699
twentieth,day,10.843788228734699
answer,chancellor,10.814176992803795
appointed,service,10.814176992803795
book,moses,10.814176992803795
cause,cease,10.814176992803795
cease,till,10.814176992803795
certify,might,10.814176992803795
drink,oil,10.814176992803795
loud,shout,10.814176992803795
mercy,ever,10.814176992803795
moses,man,10.814176992803795
noise,shout,10.814176992803795
shout,noise,10.814176992803795
shouted,loud,10.814176992803795
seventy,two,10.80403657064638
all,were,10.798869881755671
day,month,10.738457348279272
departed,river,10.72607322862246
golden,silver,10.72607322862246
pound,silver,10.72607322862246
river,forthwith,10.72607322862246
river,furthered,10.72607322862246
israel,twelve,10.689811002422756
asked,names,10.675734342222654
beasts,freewill,10.675734342222654
building,rebellious,10.675734342222654
cities,samaria,10.675734342222654
congregation,answered,10.675734342222654
counsel,princes,10.675734342222654
elam,answered,10.675734342222654
fail,may,10.675734342222654
gave,money,10.675734342222654
holy,seed,10.675734342222654
judges,may,10.675734342222654
many,years,10.675734342222654
mighty,princes,10.675734342222654
name,dwell,10.675734342222654
other,elam,10.675734342222654
porters,moreover,10.675734342222654
princes,rulers,10.675734342222654
separated,filthiness,10.675734342222654
voice,many,10.675734342222654
walls,asked,10.675734342222654
who,destroyed,10.675734342222654
writing,saying,10.675734342222654
thousand,fifty,10.618408277275014
ancient,men,10.614904890910237
men,bethel,10.614904890910237
thousand,pound,10.614904890910237
thousand,seventeen,10.614904890910237
twenty,knives,10.614904890910237
all,congregation,10.60125984963472
commissions,kings,10.50959308113814
hurt,kings,10.50959308113814
hurtful,kings,10.50959308113814
insurrection,kings,10.50959308113814
kings,commissions,10.50959308113814
kings,dishonour,10.50959308113814
kings,lieutenants,10.50959308113814
kings,provinces,10.50959308113814
kings,rebellion,10.50959308113814
made,dunghill,10.50959308113814
made,insurrection,10.50959308113814
made,joyful,10.50959308113814
maids,there,10.50959308113814
maintenance,kings,10.50959308113814
revenue,kings,10.50959308113814
see,kings,10.50959308113814
sight,kings,10.50959308113814
there,none,10.50959308113814
there,present,10.50959308113814
king,babylon,10.489194328764423
divisions,levites,10.409551372748918
jericho,three,10.409551372748918
levites,builders,10.409551372748918
not,able,10.409551372748918
not,discern,10.409551372748918
not,hindered,10.409551372748918
not,meet,10.409551372748918
not,pay,10.409551372748918
not,shew,10.409551372748918
seventeen,levites,10.409551372748918
tents,three,10.409551372748918
three,rows,10.409551372748918
trumpets,levites,10.409551372748918
also,masons,10.31427725159091
are,born,10.31427725159091
are,increased,10.31427725159091
are,minded,10.31427725159091
behold,are,10.31427725159091
ishmael,also,10.31427725159091
manner,are,10.31427725159091
treasurers,are,10.31427725159091
another,commandment,10.273560551902904
eyes,give,10.273560551902904
head,trespass,10.273560551902904
strengthened,hands,10.273560551902904
thus,returned,10.273560551902904
alone,let,10.223336829998056
let,golden,10.223336829998056
let,judgment,10.223336829998056
thence,let,10.223336829998056
silver,vessels,10.189350366253821
benjamin,heard,10.135653375484193
evening,kept,10.135653375484193
heard,thing,10.135653375484193
joy,noise,10.135653375484193
lands,abominations,10.135653375484193
offer,altar,10.135653375484193
shout,joy,10.135653375484193
things,till,10.135653375484193
wrote,chancellor,10.135653375484193
chapter,then,10.120722597181873
then,sent,10.120722597181873
nebuchadnezzar,king,10.088504565298978
out,kings,10.068087126640716
heed,now,10.052995428264397
judgments,now,10.052995428264397
now,adversaries,10.052995428264397
uncleanness,now,10.052995428264397
four,children,10.017927047615132
appointment,priests,9.972974081266017
priests,garments,9.972974081266017
speed,then,9.972974081266017
then,departed,9.972974081266017
then,proclaimed,9.972974081266017
sons,zechariah,9.960684209853028
asked,elders,9.93920322689778
ceased,work,9.93920322689778
countries,beyond,9.93920322689778
forward,work,9.93920322689778
foundations,thereof,9.93920322689778
judges,thereof,9.93920322689778
land,filthiness,9.93920322689778
land,leave,9.93920322689778
thirty,chargers,9.93920322689778
work,fast,9.93920322689778
egyptians,have,9.896032027856341
have,filled,9.896032027856341
have,maintenance,9.896032027856341
have,mingled,9.896032027856341
have,moved,9.896032027856341
have,need,9.896032027856341
have,nothing,9.896032027856341
have,occasion,9.896032027856341
have,ruled,9.896032027856341
have,trespassed,9.896032027856341
hindered,have,9.896032027856341
provinces,have,9.896032027856341
affinity,people,9.821941009395395
furthered,people,9.821941009395395
grant,had,9.821941009395395
had,confessed,9.821941009395395
had,prayed,9.821941009395395
had,prepared,9.821941009395395
had,provoked,9.821941009395395
had,raised,9.821941009395395
had,seen,9.821941009395395
had,spoken,9.821941009395395
mingled,people,9.821941009395395
mules,two,9.821941009395395
present,had,9.821941009395395
separate,people,9.821941009395395
viewed,people,9.821941009395395
been,made,9.756928386211113
about,matter,9.653045871493042
moreover,make,9.653045871493042
companions,dwell,9.65304587149304
answer,saying,9.631383114572047
congregation,stand,9.631383114572047
david,princes,9.631383114572047
ever,may,9.631383114572047
many,shouted,9.631383114572047
prophets,saying,9.631383114572047
was,laid,9.575734592827613
children,thousand,9.520633509810477
bani,bani,9.457666238858069
began,offer,9.457666238858069
benjamin,gathered,9.457666238858069
eat,kept,9.457666238858069
take,daughters,9.457666238858069
took,forth,9.457666238858069
horses,were,9.427186197861774
register,were,9.427186197861774
treasures,were,9.427186197861774
were,ancient,9.427186197861774
were,bondmen,9.427186197861774
were,consecrated,9.427186197861774
were,employed,9.427186197861774
were,expressed,9.427186197861774
were,pure,9.427186197861774
were,purified,9.427186197861774
carry,temple,9.40292763917824
decree,alter,9.40292763917824
heaven,earth,9.40292763917824
heaven,require,9.40292763917824
heaven,wheat,9.40292763917824
heaven,why,9.40292763917824
meat,offerings,9.40292763917824
scribe,words,9.40292763917824
sort,four,9.40292763917824
writing,letter,9.40292763917824
vessels,also,9.369207525980661
commandment,cause,9.22974594888845
heart,seek,9.22974594888845
same,old,9.22974594888845
servants,prophets,9.22974594888845
trespass,heard,9.22974594888845
within,same,9.22974594888845
adar,was,9.201580211440335
confession,lord,9.201580211440335
escaping,lord,9.201580211440335
fear,was,9.201580211440335
feasts,lord,9.201580211440335
fulfilled,lord,9.201580211440335
lord,stirred,9.201580211440335
lord,tremble,9.201580211440335
praise,lord,9.201580211440335
praised,lord,9.201580211440335
shewed,lord,9.201580211440335
thanks,lord,9.201580211440335
was,called,9.201580211440335
was,ninth,9.201580211440335
was,paid,9.201580211440335
was,ready,9.201580211440335
was,record,9.201580211440335
art,sent,9.180782953458172
enemy,such,9.180782953458172
off,chapter,9.180782953458172
rebellious,city,9.180782953458172
understanding,sent,9.180782953458172
very,great,9.180782953458172
city,destroyed,9.18078295345817
city,judges,9.18078295345817
great,rain,9.18078295345817
offering,both,9.18078295345817
time,much,9.18078295345817
wives,being,9.18078295345817
levites,all,9.180485250182702
chief,men,9.16252818928511
gold,thousand,9.16252818928511
israel,habitation,9.09765488397056
israel,sang,9.09765488397056
israel,swear,9.09765488397056
tribes,israel,9.09765488397056
hundred,twelve,9.077115704397333
then,came,9.005181421045558
any,place,8.980985480792379
place,help,8.980985480792379
place,moreover,8.980985480792379
say,after,8.980985480792379
bring,forth,8.953932602583338
concerning,thing,8.953932602583338
done,speedily,8.953932602583338
holy,things,8.953932602583338
may,offer,8.953932602583338
ninety,eight,8.953932602583338
search,may,8.953932602583338
separated,sat,8.953932602583338
chamber,son,8.904724979812428
obadiah,son,8.904724979812428
son,aaron,8.904724979812428
son,michael,8.904724979812428
son,prophesied,8.904724979812428
son,uriah,8.904724979812428
sore,son,8.904724979812428
treasure,work,8.895925392543374
weight,every,8.895925392543374
people,israel,8.878588696219293
said,have,8.854160758702797
bondage,but,8.799453374647339
bread,seven,8.799453374647339
countries,offered,8.799453374647339
eighteen,males,8.799453374647339
freely,offered,8.799453374647339
jonathan,fifty,8.799453374647339
nebo,fifty,8.799453374647339
say,brethren,8.799453374647339
before,eyes,8.799453374647337
brethren,eighteen,8.799453374647337
builded,another,8.799453374647337
but,extended,8.799453374647337
but,power,8.799453374647337
offered,freely,8.799453374647337
offered,sacrifices,8.799453374647337
levites,chief,8.756882324352624
children,three,8.74516135413234
daniel,sons,8.728780328561015
elijah,sons,8.728780328561015
haste,jerusalem,8.728780328561015
joseph,sons,8.728780328561015
last,sons,8.728780328561015
namely,sons,8.728780328561015
none,sons,8.728780328561015
sons,cymbals,8.728780328561015
sons,daniel,8.728780328561015
sons,elijah,8.728780328561015
sons,ishmael,8.728780328561015
sons,obadiah,8.728780328561015
ezra,had,8.709072030613438
arose,ezra,8.633130758835161
assembled,out,8.633130758835161
earth,build,8.633130758835161
one,end,8.633130758835161
persia,writing,8.633130758835161
rain,ezra,8.633130758835161
genealogy,went,8.610304949895141
till,matter,8.610304949895141
come,within,8.61030494989514
given,service,8.61030494989514
good,mercy,8.61030494989514
all,forsake,8.60628881990642
all,kingdom,8.60628881990642
all,kingdoms,8.60628881990642
all,request,8.60628881990642
all,treasurers,8.60628881990642
granted,all,8.60628881990642
joel,all,8.60628881990642
judge,all,8.60628881990642
lords,all,8.60628881990642
moons,all,8.60628881990642
ones,all,8.60628881990642
purpose,all,8.60628881990642
commanded,search,8.552832205559834
lambs,twelve,8.552832205559834
seek,peace,8.552832205559834
twelve,bullocks,8.552832205559834
been,mighty,8.479670157111295
other,vessels,8.479670157111295
rulers,been,8.479670157111295
building,yet,8.450735734967616
done,princes,8.450735734967616
separated,congregation,8.450735734967616
set,priests,8.413236033065445
drink,offerings,8.360723774516103
offerings,drink,8.360723774516103
sacrifice,days,8.360723774516103
certified,king,8.346658124727112
king,assur,8.346658124727112
king,assyria,8.346658124727112
king,band,8.346658124727112
king,granted,8.346658124727112
king,send,8.346658124727112
life,king,8.346658124727112
spoken,king,8.346658124727112
being,set,8.337229067480418
goats,according,8.337229067480418
reviving,set,8.337229067480418
spirit,cyrus,8.337229067480418
throughout,judah,8.337229067480418
thousand,three,8.305707043270763
hundred,measures,8.278273729195854
hundred,sixty,8.278273729195854
were,seven,8.273444386610686
thou,have,8.263297768266332
did,speedily,8.219548561971633
reign,wrote,8.219548561971633
speedily,elders,8.219548561971633
taken,daughters,8.219548561971633
thirty,nine,8.219548561971633
tribute,beyond,8.219548561971633
records,fathers,8.204334716332342
hand,alter,8.20433471633234
hand,carry,8.20433471633234
hand,enemy,8.20433471633234
children,seven,8.157401932267078
city,old,8.139116289985909
great,shout,8.139116289985909
offering,willingly,8.139116289985909
time,cause,8.139116289985909
cease,city,8.139116289985907
know,city,8.139116289985907
shouted,great,8.139116289985907
jerusalem,brought,8.138667707366618
beautify,house,8.116892398578225
chambers,house,8.116892398578225
coming,house,8.116892398578225
house,gods,8.116892398578225
house,rolls,8.116892398578225
judea,house,8.116892398578225
needful,house,8.116892398578225
street,house,8.116892398578225
chargers,gold,8.079791277042359
day,fail,8.079791277042359
day,fifth,8.079791277042359
drams,gold,8.079791277042359
god,nebuchadnezzar,8.067206499660486
again,walls,8.05017225070199
elam,zechariah,8.05017225070199
gave,hands,8.05017225070199
saying,thus,8.05017225070199
separated,twelve,8.05017225070199
carry,silver,7.96261449006942
chargers,silver,7.96261449006942
help,silver,7.96261449006942
ever,after,7.939856162839245
eat,good,7.934465176258067
matter,copy,7.934465176258067
priest,stood,7.934465176258067
province,went,7.934465176258067
rams,seventy,7.934465176258067
went,province,7.934465176258067
decree,all,7.902540901508659
men,singing,7.85198451037159
men,understanding,7.85198451037159
men,women,7.85198451037159
singing,men,7.85198451037159
thousand,chargers,7.85198451037159
twenty,years,7.85198451037159
abominations,even,7.758861546621366
brethren,weighed,7.758861546621366
builded,altar,7.758861546621366
builded,finished,7.758861546621366
even,weighed,7.758861546621366
genealogy,but,7.758861546621366
genealogy,males,7.758861546621366
remnant,brethren,7.758861546621366
stand,before,7.758861546621366
ten,brethren,7.758861546621366
ten,males,7.758861546621366
abode,there,7.747211203566794
dwell,there,7.747211203566794
fast,there,7.747211203566794
kings,mighty,7.747211203566794
kings,palace,7.747211203566794
made,therein,7.747211203566794
mighty,kings,7.747211203566794
there,abode,7.747211203566794
there,assembled,7.747211203566794
there,destroy,7.747211203566794
therein,there,7.747211203566794
why,there,7.747211203566794
did,bring,7.717425664048136
found,therefore,7.717425664048136
land,yet,7.717425664048136
number,thirty,7.717425664048136
princes,elders,7.717425664048136
saying,land,7.717425664048136
walls,work,7.717425664048136
together,jerusalem,7.690185928280658
away,sat,7.685421202067875
brought,over,7.685421202067875
days,joy,7.685421202067875
decree,search,7.685421202067875
heaven,wrath,7.685421202067875
lambs,burnt,7.685421202067875
ninety,five,7.685421202067875
offerings,offer,7.685421202067875
rams,four,7.685421202067875
scribe,wrote,7.685421202067875
wrote,letter,7.685421202067875
wrote,rest,7.685421202067875
cubits,three,7.64770814317917
fail,not,7.64770814317917
not,forsaken,7.64770814317917
ezra,rose,7.593076565226784
one,man,7.593076565226784
one,willingly,7.593076565226784
persia,word,7.593076565226784
said,loud,7.593076565226784
way,came,7.593076565226784
money,also,7.552972815130541
rain,are,7.552972815130541
realm,are,7.552972815130541
also,feast,7.55297281513054
month,was,7.507851996300827
house,make,7.471605459039599
chapter,seventh,7.464351063055726
such,thing,7.464351063055726
wives,some,7.464351063055726
let,expenses,7.462571331835235
let,foundations,7.462571331835235
sacrifices,let,7.462571331835235
offering,all,7.455690887548218
all,such,7.455690887548217
vessels,weighed,7.440153742480424
jews,building,7.432879479523286
laid,gave,7.432879479523286
make,building,7.432879479523286
cities,come,7.432879479523285
yet,laid,7.432879479523285
kings,now,7.4085851674211005
governor,beyond,7.3179364379051215
hands,put,7.3179364379051215
land,seek,7.3179364379051215
therefore,give,7.3179364379051215
therefore,governor,7.3179364379051215
thereof,give,7.3179364379051215
threescore,servants,7.3179364379051215
thus,written,7.3179364379051215
written,thus,7.3179364379051215
besought,god,7.311125747141327
covenant,god,7.311125747141327
dunghill,god,7.311125747141327
eye,god,7.311125747141327
god,alone,7.311125747141327
god,caused,7.311125747141327
god,deliver,7.311125747141327
god,helping,7.311125747141327
god,punished,7.311125747141327
god,repair,7.311125747141327
god,trembling,7.311125747141327
laws,god,7.311125747141327
provoked,god,7.311125747141327
savours,god,7.311125747141327
trespassed,god,7.311125747141327
wisdom,god,7.311125747141327
out,israel,7.309154121075757
let,house,7.303654594221179
according,abominations,7.298250576469983
according,word,7.298250576469983
commandments,thou,7.298250576469983
oil,according,7.298250576469983
set,altar,7.298250576469983
till,thou,7.298250576469983
now,fail,7.293308242576057
now,rulers,7.293308242576057
after,things,7.265628425838272
children,six,7.224133165651919
six,children,7.224133165651919
god,fathers,7.216626963408829
any,priests,7.213826269910381
astonied,then,7.213826269910381
levi,then,7.213826269910381
power,then,7.213826269910381
sort,then,7.213826269910381
then,arose,7.213826269910381
then,asked,7.213826269910381
then,ceased,7.213826269910381
then,returned,7.213826269910381
wall,then,7.213826269910381
commandment,god,7.210772424387179
away,nebuchadnezzar,7.18437285085273
decree,concerning,7.18437285085273
four,singers,7.18437285085273
letter,concerning,7.18437285085273
men,had,7.168842702942293
twenty,two,7.168842702942293
weighed,hand,7.165894293665296
have,forsaken,7.137423736333112
have,freely,7.137423736333112
sedition,have,7.137423736333112
seed,have,7.137423736333112
transgressed,have,7.137423736333112
have,made,7.107707716346683
artaxerxes,wrote,7.085171444036421
down,before,7.085171444036421
even,tribute,7.085171444036421
fifty,talents,7.085171444036421
goods,even,7.085171444036421
joy,offered,7.085171444036421
males,gathered,7.085171444036421
seven,lambs,7.085171444036421
drams,two,7.063872383287879
filthiness,people,7.063872383287879
people,countries,7.063872383287879
people,wept,7.063872383287879
weeping,people,7.063872383287879
day,iniquities,7.041889067513752
come,again,7.033927598900863
good,seek,7.033927598900863
governor,jews,7.033927598900863
same,laid,7.033927598900863
children,bethlehem,7.02216033621005
children,gaba,7.02216033621005
children,hezekiah,7.02216033621005
children,jericho,7.02216033621005
children,ono,7.02216033621005
helped,children,7.02216033621005
inheritance,children,7.02216033621005
elders,every,6.986264397959994
land,strange,6.986264397959994
work,threescore,6.986264397959994
had,made,6.966410972079318
cities,chapter,6.963840201768019
congregation,together,6.963840201768019
found,city,6.963840201768019
great,congregation,6.963840201768019
together,will,6.963840201768019
king,city,6.961988415400671
brethren,sons,6.934495757749209
river,might,6.925250638553287
river,toll,6.925250638553287
weighed,silver,6.925250638553287
weight,silver,6.925250638553287
began,build,6.919924241618996
delivered,one,6.919924241618996
said,take,6.919924241618996
second,month,6.919924241618996
take,out,6.919924241618996
took,out,6.919924241618996
whatsoever,ezra,6.919924241618996
cause,men,6.815159161824597
men,cease,6.815159161824597
again,temple,6.785958460157118
brought,again,6.785958460157118
letter,governor,6.785958460157118
seek,law,6.785958460157118
bani,six,6.767539342495476
forth,vessels,6.767539342495476
ninety,six,6.767539342495476
search,been,6.767539342495476
take,vessels,6.767539342495476
been,delivered,6.767539342495475
six,rams,6.767539342495475
after,name,6.7656551989662885
after,will,6.7656551989662885
gave,after,6.7656551989662885
holy,place,6.7656551989662885
place,bring,6.7656551989662885
place,gave,6.7656551989662885
kings,heart,6.710924503020278
made,cease,6.710924503020278
till,there,6.710924503020278
good,land,6.702793048883056
jews,elders,6.702793048883056
therefore,make,6.702793048883056
bondage,were,6.672358625823934
seed,were,6.672358625823934
were,about,6.672358625823934
were,assembled,6.672358625823934
hand,lord,6.671960590535656
twelve,children,6.663106838705719
children,two,6.642634852146673
according,custom,6.626174244825187
custom,thou,6.626174244825187
over,set,6.626174244825187
province,babylon,6.626174244825187
abominations,not,6.611960235741116
appointed,levites,6.611960235741116
know,not,6.611960235741116
levites,weight,6.611960235741116
not,cause,6.611960235741116
not,finished,6.611960235741116
service,levites,6.611960235741116
came,jerusalem,6.610441470468377
people,are,6.593849848826929
artaxerxes,gave,6.585735996144292
brethren,gave,6.585735996144292
builded,many,6.585735996144292
builded,walls,6.585735996144292
building,but,6.585735996144292
but,foundation,6.585735996144292
but,many,6.585735996144292
counsellors,before,6.585735996144292
eight,males,6.585735996144292
offered,freewill,6.585735996144292
seven,counsellors,6.585735996144292
same,time,6.565963445489092
sent,commandment,6.565963445489092
sent,zechariah,6.565963445489092
offering,house,6.529148926162087
also,david,6.517763845992503
iniquities,are,6.517763845992503
delivered,hand,6.494356175159839
fathers,israel,6.476521371376846
rest,beyond,6.455361544556578
thirty,five,6.455361544556578
counsel,lord,6.448916263698857
lord,statutes,6.448916263698857
substance,was,6.448916263698857
therein,was,6.448916263698857
was,ashamed,6.448916263698857
was,read,6.448916263698857
was,strengthened,6.448916263698857
let,timber,6.427901446261091
stand,let,6.427901446261091
thereon,let,6.427901446261091
timber,let,6.427901446261091
word,let,6.427901446261091
gave,ezra,6.421026717348665
one,name,6.421026717348665
persia,bring,6.421026717348665
princes,came,6.421026717348665
will,build,6.421026717348665
companions,went,6.419859334221922
day,seventh,6.37088930702239
some,chief,6.37088930702239
talents,gold,6.37088930702239
moreover,israel,6.346073626746701
statutes,israel,6.346073626746701
israel,statutes,6.3460736267467
israel,transgression,6.3460736267467
israel,very,6.3460736267467
vessels,bring,6.269179886565353
finished,now,6.259716960243597
known,now,6.259716960243597
now,little,6.259716960243597
river,peace,6.254789381031624
river,whatsoever,6.254789381031624
silver,nine,6.254789381031624
silver,second,6.254789381031624
every,city,6.235904308868066
put,such,6.235904308868066
king,artaxerxes,6.217191498058051
builded,again,6.1889349424649795
seek,but,6.1889349424649795
priests,ten,6.1807745074102005
then,prophets,6.1807745074102005
word,then,6.1807745074102005
heaven,given,6.172965608873568
scribe,companions,6.172965608873568
seventy,five,6.172965608873568
seventy,four,6.172965608873568
jonathan,son,6.155310863543125
levi,son,6.155310863543125
son,jonathan,6.155310863543125
son,levi,6.155310863543125
nine,twenty,6.145236552302788
twenty,some,6.145236552302787
according,number,6.128353002035428
babylon,freewill,6.128353002035428
concerning,judah,6.128353002035428
done,according,6.128353002035428
judah,singers,6.128353002035428
judah,who,6.128353002035428
number,according,6.128353002035428
walls,set,6.128353002035428
abominations,have,6.1049116392496074
iniquities,have,6.1049116392496074
hundred,males,6.090132305413116
jerusalem,according,6.042376751019608
delivered,kings,6.04154068660829
kings,goods,6.04154068660829
kings,lands,6.04154068660829
search,made,6.04154068660829
there,stood,6.04154068660829
had,appointed,6.031900097274468
people,abominations,6.031900097274468
way,had,6.031900097274468
again,out,6.024763732009609
build,seek,6.024763732009609
came,again,6.024763732009609
came,governor,6.024763732009609
came,same,6.024763732009609
governor,said,6.024763732009609
out,hands,6.024763732009609
persia,commanded,6.024763732009609
persia,give,6.024763732009609
fathers,who,5.997073290382747
gave,hand,5.997073290382747
hand,nebuchadnezzar,5.997073290382747
hand,princes,5.997073290382747
saying,hand,5.997073290382747
eighteen,sons,5.981535704043219
jerusalem,abode,5.981535704043219
jerusalem,extended,5.981535704043219
sons,levi,5.981535704043219
sons,nebo,5.981535704043219
sons,neither,5.981535704043219
understanding,sons,5.981535704043219
matter,chapter,5.9540462968062275
matter,great,5.9540462968062275
time,make,5.9540462968062275
people,priests,5.952252805315805
levites,some,5.943115357627414
not,daughters,5.943115357627414
not,eat,5.943115357627414
brought,temple,5.926609807148103
hands,vessels,5.873455114367794
all,countries,5.860672859982518
all,spirit,5.860672859982518
destroy,all,5.860672859982518
end,all,5.860672859982518
passover,all,5.860672859982518
rulers,all,5.860672859982518
throughout,all,5.860672859982518
captivity,did,5.8599517978052065
even,did,5.8599517978052065
even,reign,5.8599517978052065
thirty,seven,5.8599517978052065
written,offered,5.8599517978052065
also,over,5.8494580514426975
kept,also,5.8494580514426975
talents,also,5.8494580514426975
was,made,5.803167372842943
before,house,5.791994975712893
thing,let,5.760134880621562
babylon,same,5.733166587850992
commandment,cyrus,5.733166587850992
same,cyrus,5.733166587850992
thou,commanded,5.733166587850992
thus,cyrus,5.733166587850992
away,wives,5.7082285634210885
sent,letter,5.7082285634210885
time,letter,5.7082285634210885
elders,said,5.696318800489289
threescore,one,5.696318800489289
work,one,5.696318800489289
congregation,men,5.649569611604539
number,men,5.649569611604539
thousand,eight,5.649569611604539
were,prophets,5.643628269489543
was,not,5.617297164068937
realm,king,5.604847547872904
require,king,5.604847547872904
thing,now,5.593029288768621
now,copy,5.59302928876862
now,things,5.59302928876862
companions,artaxerxes,5.5791700672245055
forty,seven,5.5791700672245055
good,brethren,5.5791700672245055
jews,builded,5.5791700672245055
laid,before,5.5791700672245055
laid,but,5.5791700672245055
seventy,seven,5.5791700672245055
year,artaxerxes,5.5791700672245055
found,there,5.546412684208993
thirty,six,5.545548540861292
hundred,eighteen,5.537551735854886
hundred,singing,5.537551735854886
benjamin,priests,5.5146265013509606
then,wrote,5.5146265013509606
took,priests,5.5146265013509606
wives,such,5.490385532833018
chief,thus,5.480035661998536
commandment,chief,5.480035661998536
trespass,day,5.480035661998536
twelve,chief,5.480035661998536
zechariah,chief,5.480035661998536
offerings,god,5.469172885128508
not,found,5.448526438791244
not,separated,5.448526438791244
not,will,5.448526438791244
not,yet,5.448526438791244
cause,was,5.422350116973743
commandments,lord,5.422350116973743
moses,lord,5.422350116973743
noise,was,5.422350116973743
thereon,lord,5.422350116973743
was,finished,5.422350116973743
was,heard,5.422350116973743
was,willingly,5.422350116973743
weight,was,5.422350116973743
word,lord,5.422350116973743
companions,said,5.416075427923335
ezra,went,5.416075427923335
given,out,5.416075427923335
jews,build,5.416075427923335
jews,came,5.416075427923335
matter,came,5.416075427923335
priest,ezra,5.416075427923335
babylon,did,5.405798517313123
judah,every,5.405798517313123
thereof,set,5.405798517313123
destroy,house,5.378894459066853
destroyed,house,5.378894459066853
freely,house,5.378894459066853
house,being,5.378894459066853
house,seed,5.378894459066853
people,gathered,5.366831859097454
people,sat,5.366831859097454
bullocks,two,5.366831859097453
ninety,two,5.366831859097453
some,had,5.366831859097453
some,people,5.366831859097453
also,porters,5.355408361516112
also,will,5.355408361516112
are,freewill,5.355408361516112
are,names,5.355408361516112
holy,also,5.355408361516112
names,also,5.355408361516112
names,are,5.355408361516112
saying,are,5.355408361516112
singers,also,5.355408361516112
king,cyrus,5.341423503857347
artaxerxes,letter,5.334428904992639
before,scribe,5.334428904992639
builded,temple,5.334428904992639
but,rest,5.334428904992639
days,artaxerxes,5.334428904992639
even,burnt,5.334428904992639
even,scribe,5.334428904992639
scribe,even,5.334428904992639
seven,days,5.334428904992639
ever,israel,5.320590463676551
fathers,put,5.275595956629989
put,hand,5.275595956629989
servants,men,5.2565380797969725
vessels,house,5.190510675685648
decree,build,5.1718727686595685
made,governor,5.15392023596464
every,day,5.15374503257097
thirty,gold,5.15374503257097
son,remnant,5.131995428648616
according,good,5.126632295713504
companions,according,5.126632295713504
sent,even,5.117662735387813
time,even,5.117662735387813
before,chapter,5.117662735387812
builded,great,5.117662735387812
but,together,5.117662735387812
even,offering,5.117662735387812
yet,now,5.100598158422748
place,place,5.09993471438684
give,not,5.056573219458423
levites,same,5.056573219458423
many,priests,5.022735182076975
name,then,5.022735182076975
priests,found,5.022735182076975
then,separated,5.022735182076975
then,will,5.022735182076975
things,were,4.9818028370692895
were,delivered,4.9818028370692895
are,servants,4.963994516514076
david,sons,4.960390349396815
man,jerusalem,4.960390349396815
jerusalem,appointed,4.960390349396814
jerusalem,within,4.960390349396814
sons,david,4.960390349396814
city,came,4.955645247054576
one,city,4.955645247054576
persia,chapter,4.955645247054576
time,came,4.955645247054576
together,out,4.955645247054576
counsellors,have,4.947952081798065
many,have,4.947952081798065
builded,place,4.9232452256493975
but,after,4.9232452256493975
place,offered,4.9232452256493975
all,men,4.9156051336104785
brought,babylon,4.883507077559951
days,according,4.883507077559951
days,cyrus,4.883507077559951
had,separated,4.876020599260239
people,singers,4.876020599260239
cities,people,4.876020599260238
congregation,had,4.876020599260238
found,had,4.876020599260238
nebuchadnezzar,had,4.876020599260238
princes,had,4.876020599260238
saying,people,4.876020599260238
separated,people,4.876020599260238
let,governor,4.87575023985947
chief,priest,4.875656542380069
given,day,4.875656542380069
all,weight,4.8411566121429415
lord,delivered,4.7626894797994535
custom,was,4.762689479799453
daughters,was,4.762689479799453
joy,lord,4.762689479799453
search,was,4.762689479799453
ezra,after,4.7617665304247625
one,place,4.7617665304247625
said,after,4.7617665304247625
days,fathers,4.754382248285883
brethren,builded,4.747094530020255
captivity,brethren,4.747094530020255
captivity,builded,4.747094530020255
captivity,offered,4.747094530020255
fifty,males,4.747094530020255
offered,even,4.747094530020255
all,kings,4.725683642145044
give,now,4.710803309741633
now,commandment,4.710803309741633
judah,together,4.668357287364706
together,set,4.668357287364706
jerusalem,all,4.666594752526613
israel,ninety,4.662013103447717
israel,offer,4.662013103447717
given,men,4.654315294514806
men,make,4.654315294514806
are,threescore,4.640400032024509
gold,five,4.633609346089451
rest,chief,4.633609346089451
again,then,4.633480290205087
hands,then,4.633480290205087
then,governor,4.633480290205086
house,was,4.631393467910703
face,god,4.5906501648590075
spirit,god,4.5906501648590075
words,god,4.5906501648590075
god,leave,4.590650164859007
god,say,4.590650164859007
god,teach,4.590650164859007
certify,king,4.589137717736221
david,king,4.589137717736221
heart,king,4.589137717736221
persia,even,4.586154773095282
there,went,4.552776053925294
jews,made,4.552776053925293
matter,made,4.552776053925293
let,work,4.552695420782845
therefore,let,4.552695420782845
rest,silver,4.520204111979969
names,were,4.494235259540184
who,were,4.494235259540184
were,done,4.494235259540183
were,found,4.494235259540183
were,separated,4.494235259540183
hands,people,4.487846058536084
began,son,4.4755863841333845
son,began,4.475586384133384
forty,three,4.456507931583677
jews,not,4.456507931583677
not,come,4.456507931583677
seventy,three,4.456507931583677
vessels,even,4.4380784794076025
month,came,4.42575409973541
persia,ezra,4.42575409973541
said,ezra,4.42575409973541
thousand,four,4.413346701464784
twenty,five,4.413346701464784
altar,house,4.366998304857498
service,house,4.366998304857498
willingly,house,4.366998304857498
also,seventy,4.365008413887956
are,come,4.365008413887956
are,given,4.365008413887956
companions,are,4.365008413887956
matter,also,4.365008413887956
after,fathers,4.347510075795331
fathers,after,4.347510075795331
before,god,4.345483942579391
children,israel,4.313479508058996
away,made,4.312346980708364
thirty,priests,4.31204534163998
children,nebo,4.309951505898641
children,other,4.309951505898641
women,children,4.309951505898641
river,sent,4.3066720085902634
together,river,4.306672008590263
bani,sons,4.3061519739461955
benjamin,sons,4.3061519739461955
over,jerusalem,4.3061519739461955
sons,benjamin,4.3061519739461955
stood,sons,4.3061519739461955
babylon,but,4.3010231477410805
cyrus,artaxerxes,4.3010231477410805
thou,before,4.3010231477410805
builded,set,4.30102314774108
holy,lord,4.277287283468103
lord,foundation,4.277287283468103
lord,nebuchadnezzar,4.277287283468103
name,was,4.277287283468103
princes,was,4.277287283468103
was,found,4.277287283468103
king,made,4.270164759063588
therefore,have,4.238342592507236
levites,rest,4.216618523781944
all,peace,4.188547785951158
all,province,4.188547785951158
bullocks,all,4.188547785951158
over,all,4.188547785951158
things,all,4.188547785951158
israel,concerning,4.177694477512688
carried,people,4.1674917529850894
had,carried,4.1674917529850894
had,put,4.1674917529850894
people,put,4.1674917529850894
babylon,came,4.141701077623228
judah,build,4.141701077623228
thou,ezra,4.141701077623228
thou,said,4.141701077623228
rest,are,4.125658817158312
servants,were,4.109305278152591
zechariah,were,4.109305278152591
time,made,4.09989406256639
before,chief,4.054361226151901
king,sons,4.045047976229248
decree,let,4.039033973800029
heaven,let,4.039033973800029
son,two,4.036184437833468
fathers,came,4.014733454987108
fathers,said,4.014733454987108
men,place,4.0097112116303935
jerusalem,then,3.9949847087307
elam,son,3.993436661774578
copy,king,3.9403363444440433
king,search,3.9403363444440433
king,take,3.9403363444440433
chapter,are,3.914285666899411
time,also,3.914285666899411
came,chief,3.8961183412793186
gold,said,3.8961183412793186
one,day,3.8961183412793186
had,given,3.8953411889185494
hands,lord,3.8945232695448793
seek,lord,3.8945232695448793
priests,children,3.890661602423318
days,now,3.877327222148426
hundred,bullocks,3.875218588619484
hundred,lambs,3.875218588619484
hundred,ninety,3.875218588619484
hundred,rams,3.875218588619484
hand,six,3.8688149497878186
jerusalem,have,3.8629910994975227
seven,thousand,3.8373361374284514
men,fifty,3.8373361374284505
thousand,seven,3.8373361374284505
bring,jerusalem,3.826173509784735
jerusalem,building,3.826173509784735
porters,jerusalem,3.826173509784735
sons,names,3.826173509784735
away,then,3.8016249482542843
trespass,israel,3.796014327597634
therefore,were,3.792196409439043
then,all,3.786658444754042
silver,one,3.7848714778249875
god,vessels,3.7791453939782778
king,let,3.7744754640439653
been,chief,3.7507396471551857
vessels,gold,3.7507396471551857
seven,there,3.737955849968757
according,hand,3.7339179887747083
fathers,judah,3.7339179887747083
hand,set,3.7339179887747083
down,house,3.72201164664189
house,nine,3.72201164664189
cities,all,3.71019931374058
israel,were,3.6910730780280048
one,men,3.6801730204403342
one,thousand,3.6801730204403342
twenty,one,3.6801730204403342
had,brought,3.659233521867952
people,away,3.659233521867952
brethren,levites,3.6438472635510006
but,not,3.6438472635510006
not,builded,3.6438472635510006
vessels,silver,3.6400327405080715
gold,thou,3.6163826429501587
god,iniquities,3.5962811666126884
altar,god,3.596281166612688
man,god,3.596281166612688
prophets,god,3.596281166612688
service,god,3.596281166612688
priests,offering,3.592413084183028
wives,then,3.592413084183028
ezra,made,3.5813328356065117
kings,ezra,3.5813328356065117
kings,persia,3.5813328356065117
was,elders,3.579580954879959
are,before,3.554507864883438
offered,also,3.554507864883438
six,men,3.5358743857506356
six,thousand,3.5358743857506356
thousand,six,3.5358743857506356
vessels,thousand,3.5358743857506356
god,set,3.5339140953287362
companions,were,3.5232921601867893
jews,were,3.5232921601867893
were,laid,3.5232921601867893
were,went,3.5232921601867893
city,have,3.520331956772046
have,sent,3.520331956772046
said,not,3.4877644977094495
lord,was,3.487399240058786
israel,did,3.482156170712722
now,after,3.4801729653240465
king,saying,3.465796360895511
had,sent,3.4511031773634633
had,wives,3.4511031773634633
offering,people,3.4511031773634633
wives,people,3.4511031773634633
again,jerusalem,3.448834699275479
sons,seek,3.448834699275479
trespass,sons,3.448834699275479
zechariah,sons,3.448834699275479
place,then,3.405551918654972
men,judah,3.40259773269363
eight,hundred,3.4017680780702984
said,are,3.3989654935362514
after,have,3.334011624132822
children,ever,3.3238515382279887
heard,children,3.3238515382279887
moses,children,3.3238515382279887
said,let,3.3145019363683192
priest,was,3.3128438465827963
was,come,3.312843846582796
was,forty,3.312843846582796
even,now,3.3110398207980642
babylon,there,3.30483819087573
cyrus,made,3.30483819087573
made,cyrus,3.30483819087573
away,were,3.290431686400267
were,brought,3.290431686400267
were,five,3.290431686400267
vessels,are,3.256288042411069
building,house,3.2512874178846807
concerning,house,3.2512874178846807
done,house,3.2512874178846807
house,foundation,3.2512874178846807
even,then,3.2369596070197244
not,thou,3.212350788019965
hand,kings,3.181651287725739
twenty,gold,3.1634962293608044
silver,silver,3.1574877800988776
now,ezra,3.1571195095661153
persia,now,3.1571195095661153
jerusalem,every,3.1393190600679683
also,cyrus,3.1246330110733647
but,people,3.0978136169948853
captivity,had,3.0978136169948853
had,offered,3.097813616994885
king,same,3.0938975102527824
king,servants,3.0938975102527824
same,king,3.0938975102527824
thus,king,3.0938975102527824
came,then,3.083580274966863
month,priests,3.083580274966863
then,ezra,3.0835802749668626
then,said,3.0835802749668626
decree,was,3.082151100971478
law,lord,3.082151100971478
offerings,lord,3.082151100971478
temple,was,3.082151100971478
was,burnt,3.0821511009714775
made,chief,3.0668179147685732
son,seventy,3.03875593944652
all,did,3.0266061769632744
elders,all,3.0266061769632744
ezra,have,3.0131220851701537
was,son,3.003695947971667
god,joy,2.96882646572456
wrath,god,2.96882646572456
river,there,2.9593538138794706
priests,been,2.9430664481335516
also,gold,2.888776066602728
gold,are,2.888776066602728
together,was,2.8794371443740694
was,city,2.8794371443740694
come,jerusalem,2.878010100066086
jerusalem,jews,2.878010100066086
two,vessels,2.8060855461719907
god,was,2.7987191179376087
israel,chapter,2.7852665977543816
also,silver,2.7823940704406187
levites,twenty,2.7681153628696764
three,men,2.7681153628696764
three,thousand,2.7681153628696764
all,good,2.766928538433125
have,set,2.7442001271323058
but,were,2.738758636785535
captivity,were,2.738758636785535
children,bani,2.7046681477753336
children,nine,2.7046681477753336
children,ninety,2.7046681477753336
children,province,2.7046681477753336
children,took,2.7046681477753336
nine,children,2.704668147775333
some,children,2.704668147775333
lord,after,2.699075646083063
also,men,2.682561795534472
also,twenty,2.682561795534472
men,also,2.682561795534472
twenty,also,2.682561795534472
babylon,had,2.6776777081004433
had,cyrus,2.6776777081004433
people,judah,2.6776777081004433
there,three,2.6736012578884987
day,now,2.6534227117838904
now,chief,2.6534227117838904
letter,jerusalem,2.652746976393554
fathers,have,2.624801103925164
let,men,2.6013445531786275
kings,also,2.58858910907645
house,carried,2.5829489989662333
god,there,2.569769821880686
israel,sons,2.5658079477543985
fathers,had,2.558820396709317
all,days,2.543297179884207
away,all,2.5432971798842066
all,was,2.5376974706932924
lord,but,2.536984762397739
lord,even,2.536984762397739
was,builded,2.536984762397739
given,king,2.5339572717708014
good,king,2.5339572717708014
year,king,2.5339572717708014
king,jews,2.533957271770801
king,went,2.533957271770801
god,may,2.5156389982916405
name,god,2.5156389982916405
will,god,2.5156389982916405
yet,god,2.5156389982916405
let,there,2.507913431851792
also,levites,2.499889586164622
are,not,2.499889586164622
river,then,2.4778328296827086
jerusalem,chapter,2.45546411617429
jerusalem,time,2.45546411617429
israel,artaxerxes,2.444985179248453
israel,builded,2.444985179248453
israel,even,2.444985179248453
also,are,2.4159607142994997
build,lord,2.3901086199644697
lord,first,2.3901086199644697
persia,lord,2.3901086199644697
now,there,2.3581098409024612
together,all,2.347646528690074
all,wives,2.347646528690073
also,let,2.336368607470578
babylon,were,2.328377506352197
days,king,2.314138550566777
king,brought,2.314138550566777
law,king,2.314138550566777
letter,king,2.314138550566777
israel,said,2.299194960562241
kings,priests,2.288361563323444
priests,there,2.2883615633234435
son,builded,2.2759261753823736
children,elam,2.259754271894341
children,porters,2.259754271894341
porters,children,2.259754271894341
singers,children,2.259754271894341
lord,vessels,2.256099745376023
two,men,2.2486040596459786
men,people,2.248604059645978
have,kings,2.2216953573519564
there,have,2.2216953573519564
are,now,2.1887330383086336
now,are,2.1887330383086336
after,all,2.1743502551814275
god,seek,2.1650985106783933
seek,god,2.1650985106783933
servants,god,2.1650985106783933
kings,people,2.157882965850834
have,not,2.135705861971526
levites,have,2.135705861971526
lord,set,2.1331156394743624
son,one,2.132309574638847
ezra,son,2.1323095746388465
captivity,jerusalem,2.1238783534811843
fifty,sons,2.1238783534811843
jerusalem,artaxerxes,2.1238783534811843
jerusalem,offered,2.1238783534811843
great,king,2.1223015752979197
king,sent,2.1223015752979197
priests,are,2.120069212437825
let,now,2.1107673886147063
were,chief,2.105525179451631
levites,two,2.072435916910668
people,not,2.072435916910668
also,have,2.0544877522613803
israel,according,2.04437471239081
israel,set,2.04437471239081
israel,thou,2.04437471239081
before,all,2.019326516701473
captivity,all,2.019326516701473
silver,were,2.0056481355323945
king,israel,2.001635513249175
two,are,1.991760400803625
month,sons,1.9824377355588008
one,sons,1.9824377355588008
out,jerusalem,1.9824377355588008
house,great,1.926887021846591
servants,children,1.917489658211086
day,was,1.914607597660485
men,were,1.912322576451128
god,put,1.8823885245434477
month,all,1.8795194409430194
one,all,1.8795194409430194
now,have,1.8353967744682265
israel,chief,1.8280405837259452
was,silver,1.8169035812662617
before,king,1.8016120331785987
king,seven,1.8016120331785987
hand,son,1.7716684269163039
after,house,1.7612274684243798
all,vessels,1.7525815555413025
levites,were,1.7426690932942672
were,not,1.7426690932942672
were,three,1.7426690932942672
babylon,jerusalem,1.7363202378390268
jerusalem,judah,1.7363202378390268
jerusalem,thou,1.7363202378390268
sons,judah,1.7363202378390268
then,people,1.708891149432425
king,build,1.6656217524964392
king,first,1.6656217524964392
god,matter,1.647892551802453
god,went,1.647892551802453
threescore,children,1.6430578296425737
there,was,1.6404616427089587
all,set,1.6366703623880916
jerusalem,hand,1.6283280897305847
house,even,1.613842533439992
one,hundred,1.6103199527600487
people,people,1.5870987662269436
israel,there,1.557157715372427
fathers,all,1.5303130917643564
son,twenty,1.4875284599270653
came,house,1.4816763457237412
first,house,1.4816763457237412
persia,house,1.4816763457237412
god,law,1.4494497535902986
according,king,1.4304093872085628
children,forty,1.4168422993644767
children,seventy,1.4168422993644767
come,children,1.4168422993644767
then,were,1.3954264647972965
sons,twenty,1.350724961554923
all,silver,1.3416885942486774
river,all,1.3416885942486774
son,levites,1.3287563765680919
son,three,1.3287563765680919
two,were,1.2801611433055002
were,two,1.2801611433055002
god,chapter,1.278994561053068
great,god,1.278994561053068
thousand,all,1.257617270569869
twenty,all,1.257617270569869
also,son,1.2567824378049408
god,god,1.2405504413783222
gold,king,1.2336938269680504
children,four,1.2266822297734394
rest,children,1.2266822297734394
lord,then,1.2240874127225687
israel,now,1.2061948637409439
jerusalem,not,1.1963137400046617
levites,sons,1.1963137400046617
there,all,1.1794098194164182
all,children,1.164989372432526
fathers,house,1.1554051793372841
house,fathers,1.1554051793372841
israel,then,1.1473176552554778
place,god,1.1309006483071287
also,sons,1.1265211238984898
lord,had,1.1131793902439493
was,people,1.1131793902439493
israel,had,1.0385900635183065
priests,son,1.0087431768622142
god,but,1.0010861764734484
offered,god,1.0010861764734484
king,kings,0.9922588721304513
silver,house,0.982081247306229
let,all,0.9745107514765912
jerusalem,now,0.9417252876527689
sons,priests,0.8872131061622659
god,ezra,0.8864952770326573
god,said,0.8864952770326573
said,god,0.8864952770326573
lord,were,0.8389304355078788
kings,house,0.8351114035157565
seven,children,0.8031805681081772
let,king,0.798838354386459
jerusalem,had,0.7872191425671946
were,israel,0.770889541513335
all,have,0.7557852597681256
house,also,0.7093436466421554
all,had,0.7088575002449251
god,thou,0.6940992952858684
thou,god,0.6940992952858684
now,king,0.6904294694004702
son,were,0.6497870892730084
then,king,0.6413870028251019
hundred,priests,0.6003064682543233
children,house,0.5866589880012372
king,had,0.5523369587786147
jerusalem,were,0.5457481450759687
son,was,0.5177494301875447
israel,children,0.4661783669420738
son,israel,0.46064647054416974
people,house,0.4258786473608098
king,children,0.3867530351748938
god,kings,0.36309267917788934
god,not,0.31543426832198274
israel,all,0.31110731431434735
twenty,children,0.2762212594945056
god,let,0.23402921775128838
children,all,0.2175421215930926
god,king,0.2008397517549212
levites,children,0.19223826901510743
god,now,0.16855455642064676
now,god,0.16855455642064676
also,children,0.15767430579855501
are,children,0.15767430579855501
god,then,0.14098806726060298
god,have,0.11651520721967645
god,had,0.09490772549735993
people,god,0.09490772549735993
children,priests,0.0593779399229209
god,jerusalem,0.05444201488993056
god,sons,0.05444201488993056
king,all,0.05192247404882827
hundred,all,0.038333457321535924
jerusalem,house,0.03142742322551334
children,had,0.02994810133180631
children,people,0.02994810133180631
