children,children,269.7278765656155
son,son,238.40331246919277
every,one,154.1342884715205
came,pass,137.18314683169447
hundred,twenty,116.03488029859047
after,repaired,107.86716609648302
next,repaired,106.75309125217048
house,god,106.1889393086146
repaired,son,99.7715278948366
hundred,forty,78.8002874668495
priests,levites,74.91299559797565
three,hundred,67.56072554301551
thou,art,64.35552261219374
wine,oil,64.31828479523728
chief,fathers,62.7411482535973
another,piece,62.72647831882772
all,people,59.31633858035288
hundred,thirty,56.74870800537683
six,hundred,54.193777249559254
lands,vineyards,52.72568253306818
nobles,rulers,51.962214293258015
bars,thereof,51.40482067908848
locks,thereof,51.40482067908848
thereof,bars,51.40482067908848
thereof,locks,51.40482067908848
drams,gold,50.75199967465747
ruler,half,48.30570583677896
two,thousand,47.5603277806251
dealt,proudly,46.25331851770701
gathered,together,45.94517771396066
villages,thereof,45.316552821627155
half,part,44.85465761128694
water,gate,43.041973456763074
there,were,42.3784037360972
son,ruler,41.46456359377714
turning,wall,40.73678974595432
ezra,scribe,40.5392911147968
lord,god,40.45865117200054
children,israel,40.26327855951702
twenty,eight,40.00207020304323
two,hundred,39.86555575346935
chapter,now,39.149859571443685
twentieth,year,38.534713633561914
year,artaxerxes,38.534713633561914
doors,thereof,37.59588434000628
forty,five,37.54060368985473
corn,new,36.6941433656066
seventh,month,36.6941433656066
carried,away,35.45691117734957
gracious,merciful,35.45691117734957
solomons,servants,34.90802493798434
hundred,fifty,34.883850816122106
rest,people,34.67242782466109
porters,singers,34.53483554663211
thousand,drams,34.17783131001671
high,priest,34.03872530256712
new,wine,33.36543872655371
sabbath,day,33.23719625318022
children,six,32.878721608991626
gave,thanks,32.760737918067285
hundred,seventy,32.67205113079304
are,burned,32.667031934348515
book,law,32.584214475335784
sons,daughters,32.431347043126365
artaxerxes,king,31.684012080264758
pound,silver,31.637826167580695
seven,hundred,30.999550403953574
found,written,30.613968926564958
hundred,threescore,30.055286684361672
manifold,mercies,29.911733732870008
holy,things,28.98477458068885
priest,scribe,28.98477458068885
threescore,seven,28.948580649939636
round,about,28.726794507257004
fifty,two,28.68174394288493
beyond,river,27.819125551433082
governors,beyond,27.819125551433082
hardened,necks,27.819125551433082
laid,beams,27.819125551433082
cast,lots,27.818741157811814
consumed,fire,27.818741157811814
enemies,heard,27.709098221797905
dung,gate,27.425633022689386
sheep,gate,27.425633022689386
hand,enemies,26.659988454939526
rulers,rest,26.422262798954385
broken,down,25.92219959431179
tower,furnaces,25.92219959431179
good,deeds,25.448862706585814
thirtieth,year,25.448862706585814
gate,repaired,25.14847563168199
ezra,priest,25.062924262915203
meet,together,25.025846290077148
companies,gave,24.643442164558255
forty,two,24.351488547809524
gates,thereof,24.351488547809524
land,thou,24.153286956330728
burned,fire,24.00119416600243
meat,offering,24.00119416600243
wood,offering,24.00119416600243
waste,gates,23.973654265274117
seventy,two,23.939035404270662
nine,hundred,23.699373960949178
singers,porters,23.554989074171125
have,done,23.41033956746969
money,corn,23.26397463471175
covenant,mercy,23.183924089688585
left,captivity,23.183924089688585
send,portions,23.183924089688585
children,solomons,23.00613186405937
land,canaanites,22.670072389173654
commandment,david,22.642771324378778
pillar,fire,22.276640044997677
work,cease,22.248238723528022
house,after,22.161196108902832
daughters,sons,22.060210667361858
worshipped,lord,22.05292289398079
begat,begat,22.00013871026432
bread,governor,22.00013871026432
tower,out,21.813158095867344
behold,are,21.688783990651558
thousand,two,21.602255540250592
vineyards,houses,21.093239428945527
way,eat,21.093239428945527
over,house,21.092271477625932
zechariah,son,21.06950468862251
great,goodness,21.047067306895
great,provocations,21.047067306895
king,babylon,21.047067306895
please,king,21.047067306895
gave,treasure,20.828204419619617
dominion,over,20.62545136072578
children,three,20.56385352566934
eight,children,20.56385352566934
fourth,part,20.479659996053297
heardest,heaven,20.479659996053297
two,thirtieth,20.367207520880715
broad,wall,20.244082004872872
priests,garments,20.244082004872872
priests,minister,20.244082004872872
according,commandment,20.15918686218694
according,promise,20.15918686218694
did,not,20.14271470683976
wall,above,19.93314063261661
shut,doors,19.90984029320888
had,taken,19.895938668175695
come,slay,19.862595039659524
was,very,19.850315712080793
there,was,19.820366675788783
walls,jerusalem,19.78631532922395
put,off,19.73635593698243
thousand,three,19.697425164131435
times,appointed,19.200161402292807
abraham,foundest,19.11494207275276
apothecaries,fortified,19.11494207275276
arabians,ammonites,19.11494207275276
assembled,fasting,19.11494207275276
backs,slew,19.11494207275276
bar,appoint,19.11494207275276
bowed,heads,19.11494207275276
burn,altar,19.11494207275276
cloud,departed,19.11494207275276
consulted,rebuked,19.11494207275276
cursed,smote,19.11494207275276
cymbals,psalteries,19.11494207275276
disobedient,rebelled,19.11494207275276
dragon,well,19.11494207275276
families,swords,19.11494207275276
feet,swelled,19.11494207275276
fetch,olive,19.11494207275276
filled,became,19.11494207275276
goods,wells,19.11494207275276
grapes,figs,19.11494207275276
herds,flocks,19.11494207275276
hot,while,19.11494207275276
household,stuff,19.11494207275276
indignation,mocked,19.11494207275276
long,journey,19.11494207275276
manna,mouth,19.11494207275276
manservants,maidservants,19.11494207275276
marrying,strange,19.11494207275276
mixed,multitude,19.11494207275276
molten,calf,19.11494207275276
musical,instruments,19.11494207275276
presence,wherefore,19.11494207275276
principal,begin,19.11494207275276
pronounced,prophecy,19.11494207275276
psalteries,harps,19.11494207275276
publish,proclaim,19.11494207275276
ready,pardon,19.11494207275276
refused,obey,19.11494207275276
reign,persian,19.11494207275276
revive,stones,19.11494207275276
scatter,abroad,19.11494207275276
seek,welfare,19.11494207275276
seem,little,19.11494207275276
sheaves,lading,19.11494207275276
shekel,service,19.11494207275276
shook,lap,19.11494207275276
sword,girded,19.11494207275276
utterly,consume,19.11494207275276
withdrew,shoulder,19.11494207275276
yearly,third,19.11494207275276
jeremiah,ezra,19.105959989957377
servant,ammonite,19.105959989957377
door,house,19.093085769906946
did,work,19.055201552625817
now,therefore,19.055201552625817
possessed,land,18.857532139839286
half,held,18.757800774402483
hundred,fourscore,18.744985245493453
fathers,sepulchres,18.641437646040067
god,heaven,18.44094819779
take,daughters,18.306118233872255
people,land,18.200199257510068
have,sinned,18.055711163025105
all,manner,18.008413707920155
prayer,servant,17.92486950989064
other,piece,17.55989207515991
then,contended,17.545224668592436
all,host,17.471033987632705
all,strangers,17.471033987632705
fish,gate,17.38864744312352
gate,fountain,17.38864744312352
had,not,17.28023058008221
right,hand,17.257393081372815
made,booths,17.25739308137281
great,terrible,17.23800062077369
elam,thousand,17.13798572562355
fat,land,17.13798572562355
till,come,16.96157204602031
fifty,five,16.940998900810236
fifty,four,16.940998900810236
are,servants,16.936450536945223
sabbath,commanded,16.673277069901896
time,forth,16.667389738825147
beams,thereof,16.560073202064494
gold,two,16.560073202064494
out,fields,16.52315082209614
david,man,16.469972593881476
appeared,likewise,16.342353350515296
appoint,watches,16.342353350515296
army,horsemen,16.342353350515296
army,samaria,16.342353350515296
away,nebuchadnezzar,16.342353350515296
back,entered,16.342353350515296
bare,rule,16.342353350515296
bows,habergeons,16.342353350515296
bows,looked,16.342353350515296
breaches,began,16.342353350515296
brook,viewed,16.342353350515296
canaanites,hittites,16.342353350515296
captains,army,16.342353350515296
charge,yearly,16.342353350515296
clothes,saving,16.342353350515296
clothes,waxed,16.342353350515296
consume,forsake,16.342353350515296
continual,burnt,16.342353350515296
counsel,nought,16.342353350515296
country,round,16.342353350515296
court,prison,16.342353350515296
divide,corners,16.342353350515296
drink,sweet,16.342353350515296
fasted,prayed,16.342353350515296
fasting,earth,16.342353350515296
guard,followed,16.342353350515296
heads,worshipped,16.342353350515296
heaps,rubbish,16.342353350515296
hold,peace,16.342353350515296
lading,asses,16.342353350515296
language,each,16.342353350515296
looked,rose,16.342353350515296
loud,voice,16.342353350515296
love,observe,16.342353350515296
merciful,slow,16.342353350515296
mindful,wonders,16.342353350515296
morning,midday,16.342353350515296
mount,fetch,16.342353350515296
mount,sinai,16.342353350515296
number,say,16.342353350515296
obadiah,daniel,16.342353350515296
oversight,outward,16.342353350515296
pardon,gracious,16.342353350515296
port,viewed,16.342353350515296
power,redeem,16.342353350515296
provoked,anger,16.342353350515296
rising,morning,16.342353350515296
rock,thirst,16.342353350515296
sang,loud,16.342353350515296
save,life,16.342353350515296
scorn,despised,16.342353350515296
sense,caused,16.342353350515296
shields,bows,16.342353350515296
signs,wonders,16.342353350515296
slow,anger,16.342353350515296
solemn,assembly,16.342353350515296
sound,trumpet,16.342353350515296
sounded,trumpet,16.342353350515296
spirit,instruct,16.342353350515296
stars,appeared,16.342353350515296
strength,bearers,16.342353350515296
taken,daughter,16.342353350515296
through,midst,16.342353350515296
trouble,seem,16.342353350515296
true,laws,16.342353350515296
trumpet,resort,16.342353350515296
trumpets,namely,16.342353350515296
weapon,builders,16.342353350515296
wept,mourned,16.342353350515296
while,stand,16.342353350515296
wicked,works,16.342353350515296
willingly,offered,16.342353350515296
wonders,pharaoh,16.342353350515296
wroth,conspired,16.342353350515296
repaired,goldsmiths,16.318273803294737
servant,moses,16.286911653523525
yet,many,16.286911653523525
moses,servant,16.28691165352352
first,day,16.2026780030213
men,women,16.160555724287118
city,david,16.049267203154148
two,children,16.014124343273416
old,gate,15.672188938439085
now,are,15.58799431268826
had,made,15.52441622914552
not,give,15.389802044710144
out,captivity,15.345916508278693
abroad,nations,15.295857062983888
amen,lifting,15.295857062983888
amen,praised,15.295857062983888
bearers,burdens,15.295857062983888
beast,rode,15.295857062983888
begin,thanksgiving,15.295857062983888
behind,backs,15.295857062983888
beseech,word,15.295857062983888
borrowed,money,15.295857062983888
burdens,laded,15.295857062983888
captain,return,15.295857062983888
confess,sins,15.295857062983888
contended,cursed,15.295857062983888
corner,between,15.295857062983888
counted,faithful,15.295857062983888
daniel,baruch,15.295857062983888
defiled,priesthood,15.295857062983888
faces,ground,15.295857062983888
faithful,office,15.295857062983888
former,governors,15.295857062983888
garden,stairs,15.295857062983888
gather,thence,15.295857062983888
grieved,exceedingly,15.295857062983888
hardened,neck,15.295857062983888
having,knowledge,15.295857062983888
hezekiah,ninety,15.295857062983888
kind,ware,15.295857062983888
kingdoms,nations,15.295857062983888
knowledge,having,15.295857062983888
merchants,sellers,15.295857062983888
more,wrath,15.295857062983888
much,increase,15.295857062983888
nob,ono,15.295857062983888
nought,returned,15.295857062983888
outward,business,15.295857062983888
own,head,15.295857062983888
palace,appertained,15.295857062983888
plain,country,15.295857062983888
pulpit,wood,15.295857062983888
red,sea,15.295857062983888
resort,thither,15.295857062983888
righteous,see,15.295857062983888
sacrifices,rejoiced,15.295857062983888
sad,seeing,15.295857062983888
sea,signs,15.295857062983888
seed,performed,15.295857062983888
shekels,silver,15.295857062983888
shoulder,hardened,15.295857062983888
singing,cymbals,15.295857062983888
sins,iniquities,15.295857062983888
songs,praise,15.295857062983888
sorry,joy,15.295857062983888
sort,answered,15.295857062983888
spears,rising,15.295857062983888
spears,shields,15.295857062983888
swords,spears,15.295857062983888
thanksgivings,singing,15.295857062983888
turned,back,15.295857062983888
turned,wicked,15.295857062983888
vessels,sanctuary,15.295857062983888
ware,lodged,15.295857062983888
whence,return,15.295857062983888
business,house,15.290596764332486
courts,house,15.290596764332486
give,daughters,15.0455141246639
holy,city,15.0455141246639
wall,dung,14.723581716275325
became,fat,14.61626091580461
between,going,14.61626091580461
bondage,already,14.61626091580461
bought,any,14.61626091580461
breach,left,14.61626091580461
choice,sheep,14.61626091580461
cloudy,pillar,14.61626091580461
dung,port,14.61626091580461
ever,met,14.61626091580461
fat,delighted,14.61626091580461
grant,mercy,14.61626091580461
greatness,mercy,14.61626091580461
held,weapon,14.61626091580461
higher,places,14.61626091580461
jonathan,joseph,14.61626091580461
judgments,true,14.61626091580461
lower,places,14.61626091580461
mercies,sake,14.61626091580461
mercy,love,14.61626091580461
mighty,waters,14.61626091580461
new,moons,14.61626091580461
nine,parts,14.61626091580461
obtained,leave,14.61626091580461
old,feet,14.61626091580461
opened,sun,14.61626091580461
outlandish,women,14.61626091580461
parts,dwell,14.61626091580461
pillar,cloud,14.61626091580461
places,whence,14.61626091580461
precepts,statutes,14.61626091580461
sabbaths,new,14.61626091580461
shut,charged,14.61626091580461
sweet,send,14.61626091580461
thick,trees,14.61626091580461
understand,ears,14.61626091580461
understand,reading,14.61626091580461
well,dung,14.61626091580461
women,horses,14.61626091580461
twenty,two,14.5995427418958
gate,valley,14.496885499467021
hearkened,not,14.47518270834422
down,gates,14.471284601600226
rest,did,14.471284601600226
cried,thou,14.402166263515603
years,thou,14.402166263515603
thou,heardest,14.402166263515602
had,been,14.377759687342147
princes,judah,14.347011400007716
wrought,great,14.347011400007716
certain,days,14.327034556636836
ruler,part,14.32034614631518
overseer,also,14.268910417100127
heard,words,14.247029332462846
all,cities,14.208004668656997
said,let,14.184547433441269
come,down,14.17700603234899
afar,off,14.110917837370886
branches,myrtle,14.110917837370886
branches,palm,14.110917837370886
branches,pine,14.110917837370886
branches,thick,14.110917837370886
captivity,cover,14.110917837370886
chambers,treasures,14.110917837370886
covenant,write,14.110917837370886
desire,fear,14.110917837370886
dough,offerings,14.110917837370886
eaten,bread,14.110917837370886
forsaken,gathered,14.110917837370886
foundest,heart,14.110917837370886
hear,sound,14.110917837370886
keeping,ward,14.110917837370886
lacked,nothing,14.110917837370886
may,convey,14.110917837370886
mine,heart,14.110917837370886
myrtle,branches,14.110917837370886
nothing,answer,14.110917837370886
off,hair,14.110917837370886
off,washing,14.110917837370886
olive,branches,14.110917837370886
palm,branches,14.110917837370886
pine,branches,14.110917837370886
plucked,off,14.110917837370886
preparing,chamber,14.110917837370886
prophets,preach,14.110917837370886
require,nothing,14.110917837370886
right,memorial,14.110917837370886
slew,prophets,14.110917837370886
sorrow,heart,14.110917837370886
sure,covenant,14.110917837370886
throne,governor,14.110917837370886
treasures,offerings,14.110917837370886
valley,craftsmen,14.110917837370886
very,angry,14.110917837370886
very,corruptly,14.110917837370886
ward,purification,14.110917837370886
wells,vineyards,14.110917837370886
whole,congregation,14.110917837370886
next,builded,13.903293944716065
some,chief,13.901568652406025
eight,hundred,13.82763298645698
given,levites,13.765667099656122
fire,then,13.753888047043239
art,lord,13.715673215633219
days,nehemiah,13.711997548536885
burnt,offering,13.708207566359418
chaldees,name,13.708207566359418
eat,most,13.708207566359418
evil,report,13.708207566359418
get,name,13.708207566359418
glorious,name,13.708207566359418
houses,full,13.708207566359418
married,wives,13.708207566359418
mortgaged,lands,13.708207566359418
name,abraham,13.708207566359418
offering,sabbaths,13.708207566359418
rebelled,cast,13.708207566359418
strange,wives,13.708207566359418
threescore,manservants,13.708207566359418
tribute,lands,13.708207566359418
man,god,13.617785617636137
according,words,13.584179856513646
confessed,worshipped,13.570148948031418
dedication,gladness,13.570148948031418
eyes,open,13.570148948031418
host,earth,13.570148948031418
keeper,east,13.570148948031418
letter,keeper,13.570148948031418
lodge,within,13.570148948031418
madest,known,13.570148948031418
oath,walk,13.570148948031418
open,letter,13.570148948031418
purified,purified,13.570148948031418
sat,under,13.570148948031418
shew,light,13.570148948031418
sought,register,13.570148948031418
usury,restore,13.570148948031418
viewed,walls,13.570148948031418
works,behold,13.570148948031418
might,have,13.531388802356735
son,another,13.464806632667997
son,zechariah,13.464806632667997
able,build,13.373313616715041
arise,build,13.373313616715041
art,just,13.373313616715041
art,righteous,13.373313616715041
asked,concerning,13.373313616715041
both,thanksgivings,13.373313616715041
build,fox,13.373313616715041
certain,plucked,13.373313616715041
choose,forth,13.373313616715041
concerning,wipe,13.373313616715041
corn,dearth,13.373313616715041
done,wickedly,13.373313616715041
far,another,13.373313616715041
found,favour,13.373313616715041
hands,afterward,13.373313616715041
hands,bowed,13.373313616715041
hunger,forth,13.373313616715041
joseph,zechariah,13.373313616715041
lay,hands,13.373313616715041
make,request,13.373313616715041
make,sure,13.373313616715041
matters,concerning,13.373313616715041
month,elul,13.373313616715041
month,nisan,13.373313616715041
month,publish,13.373313616715041
mourned,certain,13.373313616715041
namely,zechariah,13.373313616715041
report,might,13.373313616715041
smote,certain,13.373313616715041
strengthen,hands,13.373313616715041
strengthened,hands,13.373313616715041
timber,make,13.373313616715041
waited,both,13.373313616715041
terrible,god,13.276569157985366
pass,heard,13.206401347410505
about,jerusalem,13.097861475973781
above,horse,13.086619492652087
camels,four,13.086619492652087
commandments,refused,13.086619492652087
commandments,testimonies,13.086619492652087
exalted,above,13.086619492652087
five,camels,13.086619492652087
instruments,david,13.086619492652087
mouth,water,13.086619492652087
nehemiah,number,13.086619492652087
polluted,put,13.086619492652087
put,mine,13.086619492652087
reading,nehemiah,13.086619492652087
therein,seas,13.086619492652087
before,water,12.917896344970975
said,why,12.889560961741738
appointed,captain,12.835964347578194
appointed,wards,12.835964347578194
book,chronicles,12.835964347578194
break,down,12.835964347578194
eastward,other,12.835964347578194
messengers,saying,12.835964347578194
mischief,sent,12.835964347578194
nebo,fifty,12.835964347578194
other,company,12.835964347578194
other,nebo,12.835964347578194
prophetess,rest,12.835964347578194
rebellion,appointed,12.835964347578194
rebuked,nobles,12.835964347578194
redeem,other,12.835964347578194
saying,hold,12.835964347578194
sent,captains,12.835964347578194
sent,messengers,12.835964347578194
thereof,are,12.804411219139839
not,been,12.769569587102874
work,other,12.7647697406223
mercies,thou,12.696941567210844
thirty,priests,12.655275815831615
five,children,12.63687187952251
four,children,12.63687187952251
cities,tillage,12.613282604926109
cities,wit,12.613282604926109
doors,bar,12.613282604926109
feasts,holy,12.613282604926109
flee,who,12.613282604926109
give,prey,12.613282604926109
head,give,12.613282604926109
hittites,give,12.613282604926109
man,feared,12.613282604926109
man,seek,12.613282604926109
most,holy,12.613282604926109
porters,keeping,12.613282604926109
priest,whole,12.613282604926109
purpose,stood,12.613282604926109
saviours,who,12.613282604926109
six,choice,12.613282604926109
six,mules,12.613282604926109
stood,pulpit,12.613282604926109
stood,shema,12.613282604926109
stood,still,12.613282604926109
tillage,priest,12.613282604926109
waters,moreover,12.613282604926109
who,choose,12.613282604926109
who,desire,12.613282604926109
who,saved,12.613282604926109
who,vexed,12.613282604926109
year,burn,12.613282604926109
year,exaction,12.613282604926109
forty,eight,12.545867356359189
attentive,eyes,12.524037054123033
bare,burdens,12.524037054123033
blessing,praise,12.524037054123033
confessed,sins,12.524037054123033
continual,meat,12.524037054123033
countenance,sad,12.524037054123033
cried,loud,12.524037054123033
curse,blessing,12.524037054123033
despised,turn,12.524037054123033
divide,sea,12.524037054123033
earth,seed,12.524037054123033
egypt,heardest,12.524037054123033
entered,curse,12.524037054123033
exact,usury,12.524037054123033
eyes,perceived,12.524037054123033
frankincense,perceived,12.524037054123033
frankincense,vessels,12.524037054123033
having,oversight,12.524037054123033
having,understanding,12.524037054123033
keep,dedication,12.524037054123033
midst,sea,12.524037054123033
midst,slay,12.524037054123033
much,rubbish,12.524037054123033
nations,divide,12.524037054123033
own,eyes,12.524037054123033
palace,charge,12.524037054123033
rebel,cause,12.524037054123033
register,genealogy,12.524037054123033
save,beast,12.524037054123033
say,seed,12.524037054123033
see,affliction,12.524037054123033
see,distress,12.524037054123033
sepulchres,waste,12.524037054123033
side,river,12.524037054123033
spears,bows,12.524037054123033
temple,save,12.524037054123033
think,rebel,12.524037054123033
thus,cleansed,12.524037054123033
trouble,cried,12.524037054123033
twelve,years,12.524037054123033
understanding,first,12.524037054123033
watches,inhabitants,12.524037054123033
within,temple,12.524037054123033
nehemiah,son,12.484855140461178
daughters,wife,12.412947931069528
feeble,jews,12.412947931069528
habergeons,rulers,12.412947931069528
joined,together,12.412947931069528
mocked,jews,12.412947931069528
performed,words,12.412947931069528
rulers,knew,12.412947931069528
some,treading,12.412947931069528
sorts,wine,12.412947931069528
treading,wine,12.412947931069528
uttered,words,12.412947931069528
wine,grapes,12.412947931069528
wine,presses,12.412947931069528
had,commanded,12.311775993087966
piece,over,12.305586273772054
let,not,12.2853734351832
gate,above,12.258558362415977
ammonites,heard,12.230878479407219
angry,heard,12.230878479407219
company,gave,12.230878479407219
distinctly,gave,12.230878479407219
gave,sense,12.230878479407219
horses,seven,12.230878479407219
street,was,12.15990260819823
holy,lord,12.106531544483449
already,neither,12.064018373664817
cupbearer,chapter,12.064018373664817
heaven,heavens,12.064018373664817
heaven,hunger,12.064018373664817
hundredth,part,12.064018373664817
know,neither,12.064018373664817
neither,bought,12.064018373664817
obey,neither,12.064018373664817
part,shekel,12.064018373664817
profane,sabbath,12.064018373664817
profaning,sabbath,12.064018373664817
recorded,chief,12.064018373664817
sabbath,bringing,12.064018373664817
sabbath,precepts,12.064018373664817
sanctify,sabbath,12.064018373664817
sinai,heaven,12.064018373664817
third,part,12.064018373664817
uttermost,part,12.064018373664817
washing,chapter,12.064018373664817
wickedly,neither,12.064018373664817
saying,there,12.045785462621364
all,places,11.976142478261103
fruit,all,11.976142478261103
according,greatness,11.910020137527791
deliver,according,11.910020137527791
did,outlandish,11.910020137527791
eight,joel,11.910020137527791
eight,valiant,11.910020137527791
forty,shekels,11.910020137527791
gates,sanctify,11.910020137527791
hair,made,11.910020137527791
made,molten,11.910020137527791
made,ordinances,11.910020137527791
made,purpose,11.910020137527791
made,rejoice,11.910020137527791
made,swear,11.910020137527791
made,treasurers,11.910020137527791
pass,arabians,11.910020137527791
purification,according,11.910020137527791
therefore,chased,11.910020137527791
therefore,leftest,11.910020137527791
thresholds,gates,11.910020137527791
then,sent,11.885110922176136
words,law,11.883069880122992
ammonite,arabian,11.844825374457372
any,victuals,11.844825374457372
been,carried,11.844825374457372
caused,understand,11.844825374457372
cease,leave,11.844825374457372
drink,send,11.844825374457372
fat,drink,11.844825374457372
feast,seventh,11.844825374457372
goodness,nevertheless,11.844825374457372
held,peace,11.844825374457372
jeremiah,obadiah,11.844825374457372
loud,overseer,11.844825374457372
offered,dwell,11.844825374457372
prosper,pray,11.844825374457372
restore,pray,11.844825374457372
sold,victuals,11.844825374457372
sore,afraid,11.844825374457372
statutes,laws,11.844825374457372
stone,mighty,11.844825374457372
trumpets,elam,11.844825374457372
wilderness,pillar,11.844825374457372
bring,dough,11.767041268913708
cleanse,come,11.767041268913708
flocks,bring,11.767041268913708
increase,kings,11.767041268913708
kings,assyria,11.767041268913708
kings,cupbearer,11.767041268913708
kings,forest,11.767041268913708
kings,garden,11.767041268913708
kings,tribute,11.767041268913708
rode,went,11.767041268913708
singers,due,11.767041268913708
singers,sang,11.767041268913708
singers,songs,11.767041268913708
went,through,11.767041268913708
fathers,gave,11.709487481737717
day,month,11.698458099087592
come,let,11.690160198170648
iniquity,let,11.633608994148375
nobles,judah,11.582524556091723
god,ever,11.578349041293226
firstborn,sons,11.508527486514424
harps,sons,11.508527486514424
persian,sons,11.508527486514424
servants,confess,11.508527486514424
amen,amen,11.478309627729898
answered,amen,11.478309627729898
business,wood,11.478309627729898
exact,money,11.478309627729898
goldsmiths,merchants,11.478309627729898
heardest,cry,11.478309627729898
laid,meat,11.478309627729898
necks,hearkened,11.478309627729898
plain,ono,11.478309627729898
praise,thanksgiving,11.478309627729898
proudly,hardened,11.478309627729898
proudly,hearkened,11.478309627729898
returned,cried,11.478309627729898
slay,cause,11.478309627729898
terrible,fight,11.478309627729898
testified,turn,11.478309627729898
turned,curse,11.478309627729898
were,gathered,11.461957789911535
baruch,son,11.440800439726464
sons,singers,11.436662818184486
chosen,set,11.390812486404492
moons,set,11.390812486404492
set,feasts,11.390812486404492
affliction,reproach,11.339866837462985
booths,sat,11.339866837462985
cleansed,chambers,11.339866837462985
hear,understanding,11.339866837462985
kept,feast,11.339866837462985
light,way,11.339866837462985
lodge,about,11.339866837462985
madest,covenant,11.339866837462985
morning,till,11.339866837462985
nothing,clothes,11.339866837462985
off,clothes,11.339866837462985
off,usury,11.339866837462985
offerings,frankincense,11.339866837462985
oil,treasuries,11.339866837462985
oversight,chamber,11.339866837462985
take,counsel,11.339866837462985
taken,bread,11.339866837462985
thirst,yea,11.339866837462985
till,stars,11.339866837462985
took,strong,11.339866837462985
under,booths,11.339866837462985
very,sore,11.339866837462985
very,wroth,11.339866837462985
ward,obadiah,11.339866837462985
watches,begat,11.339866837462985
why,lodge,11.339866837462985
wroth,took,11.339866837462985
daughters,are,11.334041873468212
days,arose,11.279644148689961
days,fasted,11.279644148689961
days,obtained,11.279644148689961
days,store,11.279644148689961
dry,land,11.279644148689961
land,persecutors,11.279644148689961
thousand,cubits,11.279644148689961
thousand,seventeen,11.279644148689961
due,every,11.174332338920172
every,debt,11.174332338920172
exaction,every,11.174332338920172
fled,every,11.174332338920172
fortify,will,11.174332338920172
iniquities,fathers,11.174332338920172
laded,every,11.174332338920172
life,will,11.174332338920172
promised,fathers,11.174332338920172
sacrifice,will,11.174332338920172
saving,every,11.174332338920172
thence,will,11.174332338920172
will,arise,11.174332338920172
will,fortify,11.174332338920172
will,lay,11.174332338920172
will,require,11.174332338920172
will,revive,11.174332338920172
will,sacrifice,11.174332338920172
will,scatter,11.174332338920172
brethren,jews,11.167177389755642
cities,judah,11.119219521204373
people,lands,11.098486826452834
gods,law,11.07429063052864
law,herds,11.07429063052864
mind,work,11.07429063052864
now,sealed,11.07429063052864
weakened,work,11.07429063052864
scribe,levites,10.982560900692366
altar,lord,10.97901650937294
atonement,israel,10.97901650937294
bless,lord,10.97901650937294
blotted,out,10.97901650937294
chronicles,even,10.97901650937294
even,afar,10.97901650937294
even,break,10.97901650937294
lord,alone,10.97901650937294
lord,faces,10.97901650937294
out,emptied,10.97901650937294
out,heaps,10.97901650937294
out,rock,10.97901650937294
out,uttermost,10.97901650937294
praised,lord,10.97901650937294
residue,israel,10.97901650937294
saved,out,10.97901650937294
shake,out,10.97901650937294
shaken,out,10.97901650937294
stones,out,10.97901650937294
stuff,out,10.97901650937294
voice,lord,10.97901650937294
wit,israel,10.97901650937294
wrath,israel,10.97901650937294
commanded,cleansed,10.937541181835591
eat,drink,10.937541181835591
evil,thing,10.937541181835591
evil,transgress,10.937541181835591
manner,fifth,10.937541181835591
name,prosper,10.937541181835591
name,sought,10.937541181835591
offering,continual,10.937541181835591
offering,frankincense,10.937541181835591
like,manner,10.93754118183559
tithe,tithes,10.93754118183559
understood,evil,10.93754118183559
ability,have,10.888076087780089
before,dragon,10.888076087780089
corruptly,have,10.888076087780089
dark,before,10.888076087780089
have,borrowed,10.888076087780089
have,chosen,10.888076087780089
have,defiled,10.888076087780089
have,matter,10.888076087780089
have,mortgaged,10.888076087780089
have,provoked,10.888076087780089
little,before,10.888076087780089
midday,before,10.888076087780089
multitude,before,10.888076087780089
testify,have,10.888076087780089
all,congregation,10.81635351643673
men,bethlehem,10.801092148794568
men,throne,10.801092148794568
men,tyre,10.801092148794568
men,valour,10.801092148794568
men,willingly,10.801092148794568
pleasure,are,10.801092148794568
remnant,are,10.801092148794568
valiant,men,10.801092148794568
corner,sheep,10.799482489499866
large,fat,10.799482489499866
live,ever,10.799482489499866
portion,sanctified,10.799482489499866
return,bondage,10.799482489499866
singing,women,10.799482489499866
sinned,judgments,10.799482489499866
ten,dwell,10.799482489499866
told,any,10.799482489499866
ware,sold,10.799482489499866
any,beast,10.799482489499864
been,sad,10.799482489499864
ever,blessed,10.799482489499864
held,spears,10.799482489499864
mighty,terrible,10.799482489499864
places,behind,10.799482489499864
women,cause,10.799482489499864
builded,wall,10.795782127946552
will,come,10.76355784213748
said,king,10.730952523132537
king,said,10.730952523132535
dearth,there,10.717734686046423
decayed,there,10.717734686046423
distribute,brethren,10.717734686046423
exceedingly,there,10.717734686046423
maidservants,there,10.717734686046423
there,being,10.717734686046423
place,over,10.706883422482461
repaired,other,10.67904375394393
field,then,10.637713339048045
stopped,then,10.637713339048045
then,consulted,10.637713339048045
then,hearken,10.637713339048045
twice,then,10.637713339048045
then,brought,10.634134000047979
art,gracious,10.603031921559925
buy,corn,10.603031921559925
canaanites,hands,10.603031921559925
enemies,likewise,10.603031921559925
forth,mount,10.603031921559925
found,register,10.603031921559925
gladness,both,10.603031921559925
might,buy,10.603031921559925
peace,found,10.603031921559925
piece,door,10.603031921559925
such,things,10.603031921559925
tithe,corn,10.603031921559925
zechariah,amok,10.603031921559925
zechariah,trumpets,10.603031921559925
day,night,10.565770609508993
afterward,came,10.560771285638369
gate,eastward,10.560771285638369
horse,gate,10.560771285638369
after,ability,10.486680267177423
after,families,10.486680267177423
after,sort,10.486680267177423
doing,great,10.486680267177423
enter,king,10.486680267177423
great,indignation,10.486680267177423
great,kindness,10.486680267177423
great,mirth,10.486680267177423
great,sacrifices,10.486680267177423
judah,asked,10.486680267177423
judah,musical,10.486680267177423
king,granted,10.486680267177423
nebuchadnezzar,king,10.486680267177423
pleased,king,10.486680267177423
rejoice,great,10.486680267177423
wherefore,king,10.486680267177423
had,builded,10.45576730055912
god,ward,10.421287529733684
fear,god,10.421287529733682
levites,bani,10.376809139979768
jerusalem,saying,10.348854513822115
but,former,10.346257312241246
but,sorrow,10.346257312241246
but,thought,10.346257312241246
cherub,but,10.346257312241246
inheritance,but,10.346257312241246
commandments,madest,10.316722560867206
david,solomon,10.316722560867206
therein,though,10.316722560867206
water,thirst,10.316722560867206
few,therein,10.316722560867204
fourscore,four,10.316722560867204
observe,commandments,10.316722560867204
eight,men,10.307320220476218
three,men,10.307320220476218
attentive,prayer,10.294908567892023
cause,sin,10.294908567892023
chamber,laid,10.294908567892023
chambers,thither,10.294908567892023
chambers,treasure,10.294908567892023
covenant,priesthood,10.294908567892023
gathered,thither,10.294908567892023
heart,faithful,10.294908567892023
heart,gather,10.294908567892023
inhabitants,built,10.294908567892023
meat,offerings,10.294908567892023
more,reproach,10.294908567892023
oil,exact,10.294908567892023
ono,valley,10.294908567892023
own,heart,10.294908567892023
perceived,portions,10.294908567892023
portion,right,10.294908567892023
prayer,second,10.294908567892023
priesthood,covenant,10.294908567892023
prophets,testified,10.294908567892023
reported,heathen,10.294908567892023
reproach,own,10.294908567892023
river,may,10.294908567892023
see,till,10.294908567892023
sepulchres,may,10.294908567892023
silver,yea,10.294908567892023
slay,yea,10.294908567892023
ten,times,10.294908567892023
turn,reproach,10.294908567892023
turn,wrought,10.294908567892023
bodies,over,10.279578294405326
one,apothecaries,10.279578294405326
one,far,10.279578294405326
one,field,10.279578294405326
one,roof,10.279578294405326
over,bodies,10.279578294405326
rule,over,10.279578294405326
treasurers,over,10.279578294405326
twenty,thousand,10.216984585692057
mules,two,10.152540795149868
offices,thereof,10.152540795149868
two,residue,10.152540795149868
said,nobles,10.143653573592237
been,given,10.121039966657971
ever,ever,10.121039966657971
fruit,trees,10.121039966657971
jonathan,jonathan,10.121039966657971
judgments,statutes,10.121039966657971
leave,seventh,10.121039966657971
statutes,judgments,10.121039966657971
women,understand,10.121039966657971
priests,reign,10.091925455643787
priests,seal,10.091925455643787
sanctuary,priests,10.091925455643787
wall,adversaries,10.091925455643787
wards,priests,10.091925455643787
arabian,rest,10.066452253202817
down,stone,10.066452253202817
down,wept,10.066452253202817
east,tower,10.066452253202817
night,shew,10.066452253202817
nobles,entered,10.066452253202817
sat,down,10.066452253202817
saying,transgress,10.066452253202817
strangers,appointed,10.066452253202817
have,not,10.05715907917625
earnestly,repaired,10.033093442395087
judah,dwelt,9.994976597627431
assyria,day,9.975942808171816
day,grant,9.975942808171816
day,last,9.975942808171816
day,lead,9.975942808171816
eighth,day,9.975942808171816
last,day,9.975942808171816
nun,day,9.975942808171816
had,escaped,9.92038010592238
had,married,9.92038010592238
had,mind,9.92038010592238
had,spoken,9.92038010592238
had,sword,9.92038010592238
mirth,had,9.92038010592238
seven,children,9.898592782380554
again,vessels,9.892967601632726
eat,live,9.892967601632726
joy,wives,9.892967601632726
manner,burdens,9.892967601632726
manner,ware,9.892967601632726
much,cast,9.892967601632726
possessed,houses,9.892967601632726
remember,beseech,9.892967601632726
same,manner,9.892967601632726
silver,threescore,9.892967601632726
tithes,gather,9.892967601632726
tithes,ground,9.892967601632726
vessels,tithes,9.892967601632726
wall,jerusalem,9.887586375519064
also,cherub,9.866319469220059
also,continued,9.866319469220059
also,firstborn,9.866319469220059
also,fowls,9.866319469220059
also,hundredth,9.866319469220059
also,shook,9.866319469220059
also,sitting,9.866319469220059
also,spare,9.866319469220059
answer,also,9.866319469220059
debt,also,9.866319469220059
fortified,jerusalem,9.866319469220059
jerusalem,hinder,9.866319469220059
lodged,jerusalem,9.866319469220059
queen,also,9.866319469220059
tyre,also,9.866319469220059
four,hundred,9.856556574512792
brother,ruler,9.844155422023489
give,light,9.844155422023489
good,spirit,9.844155422023489
known,holy,9.844155422023489
laws,good,9.844155422023489
like,who,9.844155422023489
minister,porters,9.844155422023489
priest,rose,9.844155422023489
stood,confessed,9.844155422023489
strangers,stood,9.844155422023489
strong,cities,9.844155422023489
such,man,9.844155422023489
sworn,give,9.844155422023489
treasuries,priest,9.844155422023489
god,had,9.79410819070732
adversaries,said,9.762394141750297
calf,said,9.762394141750297
lap,said,9.762394141750297
samaria,said,9.762394141750297
son,jeremiah,9.759413462188597
then,went,9.695165591239093
king,according,9.684157855971439
asses,some,9.644205733733896
counsel,together,9.644205733733896
fifth,time,9.644205733733896
garments,some,9.644205733733896
jews,language,9.644205733733896
some,few,9.644205733733896
time,trouble,9.644205733733896
understood,words,9.644205733733896
words,sat,9.644205733733896
begat,jonathan,9.616850734416767
dealt,very,9.616850734416767
ever,why,9.616850734416767
governor,bondage,9.616850734416767
jonathan,begat,9.616850734416767
leave,off,9.616850734416767
offerings,fruit,9.616850734416767
opened,till,9.616850734416767
right,judgments,9.616850734416767
sold,heathen,9.616850734416767
vineyards,fruit,9.616850734416767
craftsmen,levites,9.615980058911632
levites,cleanse,9.615980058911632
levites,stilled,9.615980058911632
levites,taught,9.615980058911632
levites,waited,9.615980058911632
seventeen,levites,9.615980058911632
jews,had,9.586448955228429
another,fourth,9.558843104728176
both,spears,9.558843104728176
certain,portion,9.558843104728176
commandment,concerning,9.558843104728176
first,found,9.558843104728176
genealogy,found,9.558843104728176
make,beams,9.558843104728176
many,nations,9.558843104728176
many,years,9.558843104728176
might,exact,9.558843104728176
saw,things,9.558843104728176
sinned,both,9.558843104728176
appertained,house,9.524005778233281
house,enter,9.524005778233281
roof,house,9.524005778233281
service,house,9.524005778233281
arabian,heard,9.462521341754648
brought,counsel,9.462521341754648
ezra,amok,9.462521341754648
feast,seven,9.462521341754648
gave,brother,9.462521341754648
heard,walls,9.462521341754648
provocations,yet,9.462521341754648
servant,lodge,9.462521341754648
villages,round,9.462521341754648
wept,heard,9.462521341754648
son,brethren,9.439198800112328
not,commandments,9.39934156109707
levites,porters,9.39780478730917
hundred,eighteen,9.35184990507119
brethren,servants,9.336360138632125
audience,people,9.311030744779588
chargeable,people,9.311030744779588
each,people,9.311030744779588
heavy,people,9.311030744779588
taught,people,9.311030744779588
aaron,chapter,9.29604636985176
host,heaven,9.29604636985176
levi,chief,9.29604636985176
part,confessed,9.29604636985176
stars,heaven,9.29604636985176
rulers,said,9.276661035119933
above,fish,9.272918581444996
bani,cried,9.272918581444996
david,pool,9.272918581444996
five,singing,9.272918581444996
hearkened,commandments,9.272918581444996
keep,commandments,9.272918581444996
ninety,five,9.272918581444996
put,priesthood,9.272918581444996
sepulchres,david,9.272918581444996
benjamin,jeremiah,9.215294531528652
eat,fat,9.215294531528652
eat,fruit,9.215294531528652
lands,nevertheless,9.215294531528652
manner,trees,9.215294531528652
afraid,remember,9.21529453152865
all,israel,9.197571498310197
was,before,9.194126222730217
according,language,9.142433341728077
according,manifold,9.142433341728077
according,works,9.142433341728077
assembly,according,9.142433341728077
fourscore,eight,9.142433341728077
jericho,three,9.142433341728077
pass,arabian,9.142433341728077
provocations,therefore,9.142433341728077
sore,therefore,9.142433341728077
strong,hand,9.142433341728077
treasuries,made,9.142433341728077
king,let,9.13085462518414
charged,not,9.118568726124899
cover,not,9.118568726124899
departed,not,9.118568726124899
instruct,not,9.118568726124899
kindness,not,9.118568726124899
knew,not,9.118568726124899
met,not,9.118568726124899
mourn,not,9.118568726124899
neck,not,9.118568726124899
not,able,9.118568726124899
not,eaten,9.118568726124899
not,iniquity,9.118568726124899
not,know,9.118568726124899
not,manna,9.118568726124899
not,served,9.118568726124899
not,sick,9.118568726124899
not,speak,9.118568726124899
not,utterly,9.118568726124899
not,weep,9.118568726124899
required,not,9.118568726124899
speech,not,9.118568726124899
swelled,not,9.118568726124899
waxed,not,9.118568726124899
wipe,not,9.118568726124899
branches,branches,9.113046265545995
hear,prayer,9.113046265545995
kept,ward,9.113046265545995
letters,letters,9.113046265545995
oil,chambers,9.113046265545995
portions,nothing,9.113046265545995
reproach,heathen,9.113046265545995
sin,offerings,9.113046265545995
alone,thou,9.082203085987873
leftest,thou,9.082203085987873
persecutors,thou,9.082203085987873
sake,thou,9.082203085987873
seeing,thou,9.082203085987873
testimonies,thou,9.082203085987873
thou,deeps,9.082203085987873
thou,deliver,9.082203085987873
thou,forbear,9.082203085987873
thou,get,9.082203085987873
thou,kingdoms,9.082203085987873
thou,promised,9.082203085987873
thou,saviours,9.082203085987873
thou,sustain,9.082203085987873
thou,testify,9.082203085987873
wilt,thou,9.082203085987873
word,thou,9.082203085987873
escaped,were,9.04648690195306
fowls,were,9.04648690195306
sealed,were,9.04648690195306
were,assembled,9.04648690195306
were,chargeable,9.04648690195306
were,counted,9.04648690195306
were,declared,9.04648690195306
were,disobedient,9.04648690195306
were,divisions,9.04648690195306
were,filled,9.04648690195306
were,fled,9.04648690195306
were,mindful,9.04648690195306
were,recorded,9.04648690195306
attentive,book,9.023033185254825
beyond,tower,9.023033185254825
contended,nobles,9.023033185254825
gold,fifty,9.023033185254825
silver,rest,9.023033185254825
keeper,kings,8.999839755337112
levi,bring,8.999839755337112
lots,bring,8.999839755337112
law,lord,8.990841585521132
law,god,8.91319798520907
corn,pray,8.881554872032892
held,both,8.881554872032892
jeremiah,certain,8.881554872032892
piece,turning,8.881554872032892
trees,make,8.881554872032892
furnaces,next,8.86679283702684
jericho,next,8.86679283702684
god,concerning,8.831401584206368
daily,was,8.812882928050197
office,was,8.812882928050197
was,allied,8.812882928050197
was,beloved,8.812882928050197
was,distribute,8.812882928050197
was,finished,8.812882928050197
was,heavy,8.812882928050197
was,joined,8.812882928050197
was,principal,8.812882928050197
was,solemn,8.812882928050197
wife,was,8.812882928050197
people,stood,8.802826151272303
doors,temple,8.80112133963842
faithful,man,8.80112133963842
give,ear,8.80112133963842
place,beast,8.80112133963842
place,merchants,8.80112133963842
praise,give,8.80112133963842
priest,having,8.80112133963842
promise,moreover,8.80112133963842
reported,good,8.80112133963842
ruler,palace,8.80112133963842
sight,man,8.80112133963842
part,jerusalem,8.77679842774052
children,judah,8.771661716766635
servants,bare,8.742096760115965
sons,cattle,8.742096760115965
sons,levi,8.742096760115965
sons,trumpets,8.742096760115965
all,goods,8.720557021853786
all,household,8.720557021853786
all,kind,8.720557021853786
all,matters,8.720557021853786
all,mixed,8.720557021853786
all,required,8.720557021853786
all,sorts,8.720557021853786
amon,all,8.720557021853786
conspired,all,8.720557021853786
ears,all,8.720557021853786
emptied,all,8.720557021853786
figs,all,8.720557021853786
full,all,8.720557021853786
heavens,all,8.720557021853786
seas,all,8.720557021853786
sellers,all,8.720557021853786
stilled,all,8.720557021853786
store,all,8.720557021853786
weep,all,8.720557021853786
fear,name,8.711874900067457
may,eat,8.711874900067457
offerings,tithes,8.711874900067457
take,tithes,8.711874900067457
was,there,8.707011316901946
brother,set,8.62476726501718
set,watch,8.624767265017178
twenty,asses,8.624767265017178
twenty,fifth,8.624767265017178
above,all,8.624587871518266
contended,rulers,8.601556711036112
cry,words,8.601556711036112
gather,together,8.601556711036112
jews,think,8.601556711036112
live,some,8.601556711036112
returned,rulers,8.601556711036112
sad,city,8.601556711036112
same,time,8.601556711036112
saw,jews,8.601556711036112
stairs,city,8.601556711036112
above,old,8.596015260222337
commandments,statutes,8.596015260222337
david,old,8.596015260222337
elam,bani,8.596015260222337
left,therein,8.596015260222337
statutes,commandments,8.596015260222337
street,water,8.596015260222337
written,ammonite,8.596015260222337
heaven,said,8.574699465217105
beloved,god,8.52038668620304
feared,god,8.52038668620304
god,distinctly,8.52038668620304
god,forsaken,8.52038668620304
god,mourn,8.52038668620304
god,offices,8.52038668620304
god,ready,8.52038668620304
god,shake,8.52038668620304
god,strengthen,8.52038668620304
possess,land,8.513984506640412
thousand,pound,8.513984506640412
thereof,next,8.478082020464628
gates,jerusalem,8.46985452989369
land,king,8.430803076715982
burdens,brought,8.420257452892697
ono,seven,8.420257452892697
river,gave,8.420257452892697
thither,brought,8.420257452892697
brought,fish,8.420257452892695
ezra,blessed,8.420257452892695
heard,cry,8.420257452892695
yet,returned,8.420257452892695
yet,told,8.420257452892695
affliction,fathers,8.409058350552904
builders,every,8.409058350552904
restore,will,8.409058350552904
shew,fathers,8.409058350552904
transgress,will,8.409058350552904
usury,every,8.409058350552904
watch,every,8.409058350552904
will,prosper,8.409058350552904
will,rebel,8.409058350552904
will,restore,8.409058350552904
rulers,people,8.398373147603287
captivity,concerning,8.37852015204429
congregation,both,8.37852015204429
heathen,enemies,8.37852015204429
may,build,8.37852015204429
offerings,make,8.37852015204429
portions,make,8.37852015204429
sin,might,8.37852015204429
corn,may,8.378520152044288
done,right,8.378520152044288
found,nothing,8.378520152044288
hands,wrought,8.378520152044288
make,booths,8.378520152044288
many,letters,8.378520152044288
many,times,8.378520152044288
might,reproach,8.378520152044288
things,sin,8.378520152044288
things,till,8.378520152044288
moreover,thou,8.359361716365092
afraid,saying,8.34651484959493
builded,sheep,8.34651484959493
opened,book,8.34651484959493
other,elam,8.34651484959493
tower,sanctified,8.34651484959493
evil,again,8.31108844605842
wives,houses,8.31108844605842
blessing,now,8.309402370226891
now,flesh,8.309402370226891
chief,levites,8.291000357411898
chief,province,8.254167689005394
merchants,chapter,8.254167689005394
neither,see,8.254167689005394
neither,told,8.254167689005394
neither,turned,8.254167689005394
part,money,8.254167689005394
province,dwelt,8.254167689005394
twenty,one,8.246595236795944
judah,every,8.224374172993405
even,broad,8.214514051540311
even,end,8.214514051540311
even,sell,8.214514051540311
furnaces,even,8.214514051540311
out,egypt,8.214514051540311
cities,fat,8.124988063667042
cities,seventh,8.124988063667042
give,thanks,8.124988063667042
good,statutes,8.124988063667042
man,street,8.124988063667042
moreover,old,8.124988063667042
any,man,8.12498806366704
fields,cities,8.12498806366704
judgments,man,8.12498806366704
sanctified,holy,8.12498806366704
seventh,year,8.12498806366704
trees,year,8.12498806366704
anger,before,8.12395950685676
before,builders,8.12395950685676
before,madest,8.12395950685676
deeds,before,8.12395950685676
deeds,have,8.12395950685676
have,dominion,8.12395950685676
have,redeemed,8.12395950685676
prayed,before,8.12395950685676
were,over,8.119851754938786
beams,gates,8.100939943101409
ear,therefore,8.100939943101409
forty,years,8.100939943101409
gates,palace,8.100939943101409
hired,therefore,8.100939943101409
keep,gates,8.100939943101409
ninety,eight,8.100939943101409
thus,did,8.100939943101409
told,hand,8.100939943101409
bread,water,8.093365525797925
four,times,8.093365525797925
kept,commandments,8.093365525797925
letters,put,8.093365525797925
nehemiah,governor,8.093365525797925
read,therein,8.093365525797925
seventy,four,8.093365525797925
are,consumed,8.037361519243579
are,despised,8.037361519243579
distress,are,8.037361519243579
few,men,8.037361519243579
men,bethel,8.037361519243579
men,guard,8.037361519243579
men,jericho,8.037361519243579
rubbish,are,8.037361519243579
say,men,8.037361519243579
thereof,set,8.000740102324936
son,next,7.982470563507362
cast,forth,7.978118683602467
houses,might,7.978118683602467
moses,remember,7.978118683602467
offering,corn,7.978118683602467
tithes,corn,7.978118683602467
bring,ground,7.958731713170224
bring,more,7.958731713170224
bring,ware,7.958731713170224
come,fight,7.958731713170224
come,keep,7.958731713170224
fountain,kings,7.958731713170224
kings,commandment,7.958731713170224
kings,pool,7.958731713170224
money,kings,7.958731713170224
province,went,7.958731713170224
words,thou,7.957241301168727
brethren,army,7.954390082360636
flesh,brethren,7.954390082360636
likewise,brethren,7.954390082360636
redeemed,brethren,7.954390082360636
sell,brethren,7.954390082360636
though,there,7.954390082360636
understanding,brethren,7.954390082360636
victuals,there,7.954390082360636
city,nine,7.925808568900855
fields,some,7.925808568900855
trees,wine,7.925808568900855
understand,words,7.925808568900855
then,called,7.8747548357525465
appointed,prophets,7.844250174861893
down,why,7.844250174861893
night,may,7.844250174861893
rest,prophets,7.844250174861893
sent,letters,7.844250174861893
who,was,7.840996173084804
beseech,let,7.8260702255797305
goldsmiths,next,7.8260702255797305
let,ear,7.8260702255797305
river,next,7.8260702255797305
temple,let,7.8260702255797305
gate,east,7.798198957281333
gate,morning,7.798198957281333
away,came,7.798198957281332
babylon,came,7.798198957281332
east,gate,7.798198957281332
prison,gate,7.798198957281332
work,but,7.757823426615484
ammonite,heard,7.744894518774642
brought,bondage,7.744894518774642
ezra,jonathan,7.744894518774642
ezra,opened,7.744894518774642
pray,servant,7.744894518774642
servant,pray,7.744894518774642
villages,fields,7.744894518774642
yet,dealt,7.744894518774642
anger,great,7.724494188339418
called,after,7.724494188339418
great,affliction,7.724494188339418
great,assembly,7.724494188339418
great,companies,7.724494188339418
great,distress,7.724494188339418
great,gladness,7.724494188339418
great,power,7.724494188339418
judah,letter,7.724494188339418
judah,sworn,7.724494188339418
judah,tithe,7.724494188339418
king,like,7.724494188339418
offered,great,7.724494188339418
prison,after,7.724494188339418
rebel,king,7.724494188339418
solomon,king,7.724494188339418
levites,singers,7.7048773464492255
therein,houses,7.693349117042734
thirty,five,7.693349117042734
children,amon,7.65134286779678
children,hezekiah,7.65134286779678
eighteen,children,7.65134286779678
welfare,children,7.65134286779678
concerning,certain,7.645533980834637
things,done,7.645533980834637
cities,portions,7.623108522767458
covenant,give,7.623108522767458
may,give,7.623108522767458
place,read,7.623108522767458
porters,kept,7.623108522767458
porters,offerings,7.623108522767458
who,covenant,7.623108522767458
daughter,son,7.5991656667567185
joel,son,7.5991656667567185
sixth,son,7.5991656667567185
son,earnestly,7.5991656667567185
son,nun,7.5991656667567185
son,sixth,7.5991656667567185
thou,servant,7.595737220769905
language,but,7.584843956299142
twenty,fourth,7.5848157379204455
neither,pillar,7.579190037105333
children,two,7.577020562677004
charge,over,7.518551411893791
one,brother,7.518551411893791
over,cattle,7.518551411893791
over,treasuries,7.518551411893791
days,saw,7.474418633228355
inhabitants,land,7.474418633228355
land,possessed,7.474418633228355
ten,days,7.474418633228355
treasure,thousand,7.474418633228355
appointed,remember,7.444618899941453
cast,down,7.444618899941453
time,was,7.441990113756825
according,mercies,7.426347647660691
eight,overseer,7.426347647660691
hand,held,7.426347647660691
left,hand,7.426347647660691
nevertheless,made,7.426347647660691
thanks,according,7.426347647660691
bread,wine,7.424314236017168
congregation,together,7.424314236017168
daughters,valley,7.424314236017168
but,have,7.397956550478979
thereof,behold,7.392287083619059
two,companies,7.392287083619059
fathers,thus,7.3698782052052
temple,will,7.3698782052052
will,gather,7.3698782052052
above,many,7.361149548110306
forth,water,7.361149548110306
called,priests,7.332058441717333
dedication,wall,7.332058441717333
lots,priests,7.332058441717333
stone,wall,7.332058441717333
viewed,wall,7.332058441717333
wall,bare,7.332058441717333
wall,door,7.332058441717333
bring,bondage,7.284524848447782
elam,singers,7.284524848447782
fields,singers,7.284524848447782
kings,high,7.284524848447782
places,bring,7.284524848447782
thanks,went,7.284524848447782
god,who,7.28282531304616
burned,now,7.270608027352795
cause,work,7.270608027352795
ear,now,7.270608027352795
law,behind,7.270608027352795
law,hearkened,7.270608027352795
necks,work,7.270608027352795
now,ear,7.270608027352795
perceived,work,7.270608027352795
thither,work,7.270608027352795
treasure,work,7.270608027352795
governor,ezra,7.243785468111286
hear,yet,7.243785468111286
prophets,yet,7.243785468111286
vineyards,yet,7.243785468111286
gave,portions,7.243785468111285
servant,bread,7.243785468111285
servant,prayer,7.243785468111285
every,day,7.241718860885907
fire,give,7.223862455863303
thirty,six,7.223862455863303
day,offered,7.2168494138330805
day,sell,7.2168494138330805
fifth,day,7.2168494138330805
peace,day,7.2168494138330805
watch,day,7.2168494138330805
were,chief,7.199906758702576
beseech,lord,7.176105585574093
blessed,lord,7.176105585574093
even,corner,7.176105585574093
even,thus,7.176105585574093
gather,out,7.176105585574093
joy,lord,7.176105585574093
lord,beseech,7.176105585574093
out,own,7.176105585574093
out,plain,7.176105585574093
promise,even,7.176105585574093
seed,israel,7.176105585574093
babylon,had,7.1616736336194275
egypt,had,7.1616736336194275
had,carried,7.1616736336194275
had,dominion,7.1616736336194275
had,oversight,7.1616736336194275
had,understood,7.1616736336194275
let,shut,7.1522488658728935
mercy,let,7.1522488658728935
pray,let,7.1522488658728935
people,went,7.123493586365643
children,thousand,7.1231087368905195
book,moses,7.112804539025076
moses,saying,7.112804539025076
piece,tower,7.112804539025076
rest,enemies,7.112804539025076
saying,hands,7.112804539025076
sent,many,7.112804539025076
gladness,also,7.107999993825067
within,jerusalem,7.107999993825067
also,mount,7.107999993825066
jerusalem,began,7.107999993825066
jerusalem,broad,7.107999993825066
jerusalem,once,7.107999993825066
jerusalem,sought,7.107999993825066
jerusalem,understood,7.107999993825066
jerusalem,waste,7.107999993825066
israel,priests,7.0872945066077575
before,inhabitants,7.085936992262415
faithful,before,7.085936992262415
sea,before,7.085936992262415
sinned,have,7.085936992262415
bread,heaven,7.07846634290264
dwelt,valley,7.07846634290264
fear,chapter,7.07846634290264
half,princes,7.07846634290264
heaven,right,7.07846634290264
way,neither,7.07846634290264
bani,bani,7.077150323403488
written,therein,7.077150323403488
gate,after,7.039295468581447
bondage,sons,7.0283238733132425
daughters,wives,7.0254534513350855
assembly,said,7.00484888489126
said,stand,7.00484888489126
said,strength,7.00484888489126
said,such,7.00484888489126
are,vessels,6.999725030514891
large,are,6.999725030514891
men,plain,6.999725030514891
men,singing,6.999725030514891
province,are,6.999725030514891
singing,men,6.999725030514891
jerusalem,were,6.988376456888229
days,son,6.984084129263341
wall,was,6.9729977770859
thou,hand,6.967761549417257
therefore,thou,6.967761549417256
captivity,made,6.9260093841765435
kept,gates,6.9260093841765435
made,prayer,6.9260093841765435
seventy,three,6.9260093841765435
therefore,hear,6.9260093841765435
therefore,take,6.9260093841765435
yea,forty,6.9260093841765435
fight,brethren,6.917139694018987
second,brethren,6.917139694018987
years,brethren,6.917139694018987
gates,were,6.900345810782115
build,who,6.892433377165558
enemies,who,6.892433377165558
hands,good,6.892433377165558
ruler,another,6.892433377165558
scribe,stood,6.892433377165558
two,men,6.8625291274726585
amok,levites,6.8595966920942795
levites,caused,6.8595966920942795
levites,purified,6.8595966920942795
sought,levites,6.8595966920942795
thirty,seven,6.845310039886028
brought,again,6.845310039886027
exact,then,6.83789062235157
then,answered,6.837890622351569
then,testified,6.837890622351569
then,told,6.837890622351569
book,nehemiah,6.829190596537472
nobles,put,6.829190596537472
bani,rest,6.8291905965374715
any,land,6.801754234608591
thousand,nine,6.801754234608591
portions,singers,6.784572089978439
come,congregation,6.784572089978438
kings,letters,6.784572089978438
kings,princes,6.784572089978438
singers,gathered,6.784572089978438
went,way,6.784572089978438
end,house,6.768397379945656
forsake,house,6.768397379945656
house,labour,6.768397379945656
lord,had,6.762404760372974
came,governors,6.761720993400133
fountain,gate,6.761720993400132
genealogy,came,6.761720993400132
fathers,dealt,6.697599609056275
fathers,jeremiah,6.697599609056275
concerning,jews,6.694409729094389
corn,wine,6.694409729094389
together,both,6.694409729094389
answered,after,6.688402548587219
large,great,6.688402548587219
plain,after,6.688402548587219
reported,king,6.688402548587219
after,baruch,6.688402548587218
after,same,6.688402548587218
great,cry,6.688402548587218
great,joy,6.688402548587218
great,large,6.688402548587218
judah,rejoiced,6.688402548587218
judah,twentieth,6.688402548587218
king,live,6.688402548587218
benjamin,chapter,6.680376345397997
benjamin,dwelt,6.680376345397997
manner,chapter,6.680376345397997
let,letters,6.6526816867392515
five,six,6.6092047911369765
four,moreover,6.6092047911369765
law,separated,6.5987153081100045
now,ammonite,6.5987153081100045
understand,law,6.5987153081100045
hundred,pound,6.597792345287802
hundred,twelve,6.597792345287802
sent,saying,6.581616226127299
tower,tower,6.581616226127299
caused,people,6.557361082596964
people,wept,6.557361082596964
purified,people,6.557361082596964
but,fish,6.549525188744367
but,hardened,6.549525188744367
but,hired,6.549525188744367
but,sinned,6.549525188744367
but,turn,6.549525188744367
genealogy,but,6.549525188744367
nations,but,6.549525188744367
ono,but,6.549525188744367
pool,but,6.549525188744367
prayer,servants,6.529142347860898
servants,wrought,6.529142347860898
sons,take,6.529142347860898
according,manner,6.5283048916877355
commanded,gates,6.5283048916877355
did,eat,6.5283048916877355
did,evil,6.5283048916877355
evil,did,6.5283048916877355
therefore,cast,6.5283048916877355
thirty,eight,6.5283048916877355
threescore,eight,6.5283048916877355
forth,brought,6.514651748367494
things,yet,6.514651748367494
zechariah,ezra,6.514651748367494
nevertheless,even,6.50459881770472
places,even,6.50459881770472
pray,even,6.50459881770472
separated,israel,6.50459881770472
even,sheep,6.504598817704718
even,understand,6.504598817704718
israel,dwell,6.504598817704718
israel,nevertheless,6.504598817704718
israel,separated,6.504598817704718
lord,judgments,6.504598817704718
son,bani,6.486137370484875
merchants,over,6.4836191924681215
one,fourth,6.4836191924681215
one,having,6.4836191924681215
one,ten,6.4836191924681215
over,business,6.4836191924681215
over,praise,6.4836191924681215
over,sepulchres,6.4836191924681215
over,thanksgiving,6.4836191924681215
palace,one,6.4836191924681215
second,over,6.4836191924681215
been,before,6.4148162502589035
before,street,6.4148162502589035
have,dealt,6.4148162502589035
pray,before,6.4148162502589035
words,nehemiah,6.4115665737867005
fathers,house,6.388986023070922
bring,again,6.3872531768252765
bring,offering,6.3872531768252765
come,again,6.3872531768252765
fire,come,6.3872531768252765
offering,bring,6.3872531768252765
jerusalem,was,6.371074928125717
labour,not,6.366839681212909
not,buy,6.366839681212909
not,countenance,6.366839681212909
not,forsake,6.366839681212909
not,shew,6.366839681212909
not,solomon,6.366839681212909
not,walk,6.366839681212909
sell,not,6.366839681212909
appointed,year,6.3620158514505185
other,cities,6.3620158514505185
ninety,two,6.358128184648661
forth,half,6.350103558891228
dwelt,certain,6.350103558891227
heaven,many,6.350103558891227
forsake,thou,6.330862390593631
goodness,thou,6.330862390593631
open,thou,6.330862390593631
thou,divide,6.330862390593631
thou,redeemed,6.330862390593631
thou,sworn,6.330862390593631
wonders,thou,6.330862390593631
mighty,men,6.328990388899568
are,left,6.328990388899566
are,separated,6.328990388899566
levites,were,6.322796680519471
booths,days,6.3033442396940735
land,captivity,6.3033442396940735
land,take,6.3033442396940735
behind,wall,6.29828631513426
rejoiced,priests,6.29828631513426
wall,beyond,6.29828631513426
wall,pool,6.29828631513426
wall,turned,6.29828631513426
amok,were,6.295534631497194
obadiah,were,6.295534631497194
register,were,6.295534631497194
were,broken,6.295534631497194
were,consumed,6.295534631497194
were,few,6.295534631497194
were,reckoned,6.295534631497194
said,have,6.293926290725343
brethren,mighty,6.246791227346374
old,there,6.246791227346374
there,any,6.246791227346374
fountain,repaired,6.240227921470231
repaired,inhabitants,6.240227921470231
nehemiah,gave,6.232194098073928
therein,brought,6.232194098073928
work,house,6.200286357966384
booths,every,6.199575491050432
fathers,kept,6.199575491050432
heathen,will,6.199575491050432
found,therefore,6.198417684518414
hand,moses,6.198417684518414
hand,zechariah,6.198417684518414
many,therefore,6.198417684518414
pass,enemies,6.198417684518414
was,kings,6.188908932231035
day,first,6.183851056483892
day,portion,6.183851056483892
day,testified,6.183851056483892
fourth,day,6.183851056483892
second,day,6.183851056483892
then,held,6.167928405194717
then,high,6.167928405194717
down,city,6.164763139111635
fifty,jews,6.164763139111635
night,some,6.164763139111635
some,appointed,6.164763139111634
together,nobles,6.164763139111634
words,sent,6.164763139111634
doors,porters,6.142800981786524
moreover,porters,6.142800981786524
sons,benjamin,6.132594816457994
wives,sons,6.132594816457994
servants,were,6.1323607142153875
had,hired,6.129062273176159
governors,had,6.129062273176158
wood,had,6.129062273176158
kept,law,6.101077141476543
letters,now,6.101077141476543
portions,law,6.101077141476543
why,work,6.101077141476543
gate,going,6.0921451003714004
gate,sanctified,6.0921451003714004
street,gate,6.0921451003714
also,laid,6.075775705186815
also,reported,6.075775705186815
also,saw,6.075775705186815
fight,jerusalem,6.075775705186815
ground,also,6.075775705186815
inhabitants,jerusalem,6.075775705186815
jerusalem,keep,6.075775705186815
joy,jerusalem,6.075775705186815
promise,also,6.075775705186815
sins,also,6.075775705186815
bani,chief,6.0680314879341575
nehemiah,chapter,6.0680314879341575
trumpet,was,6.064651746458155
was,called,6.064651746458155
was,known,6.064651746458155
was,under,6.064651746458155
was,wroth,6.064651746458155
both,singers,6.05775162333912
hands,kings,6.05775162333912
scribe,bring,6.05775162333912
went,forth,6.05775162333912
after,nine,6.0192130543245295
great,mercies,6.0192130543245295
great,mighty,6.0192130543245295
king,send,6.0192130543245295
leave,king,6.0192130543245295
mighty,after,6.0192130543245295
nevertheless,great,6.0192130543245295
overseer,judah,6.0192130543245295
prepared,great,6.0192130543245295
set,name,6.016808084914662
israel,bread,6.007346676934791
israel,sin,6.007346676934791
out,chamber,6.007346676934791
valley,even,6.007346676934791
yea,even,6.007346676934791
appointed,gave,5.985776242733952
builded,villages,5.985776242733952
down,yet,5.985776242733952
heard,builded,5.985776242733952
sent,servant,5.985776242733952
yet,sent,5.985776242733952
all,blessing,5.9734931554732675
all,trouble,5.9734931554732675
cleansed,all,5.9734931554732675
distress,all,5.9734931554732675
earth,all,5.9734931554732675
answered,said,5.973398964670683
priesthood,said,5.973398964670683
said,amen,5.973398964670683
said,beseech,5.973398964670683
said,exact,5.973398964670683
said,see,5.973398964670683
slay,said,5.973398964670683
testified,said,5.973398964670683
city,place,5.945933848783185
city,who,5.945933848783185
time,moreover,5.945933848783185
moreover,time,5.945933848783184
hand,god,5.919289881034844
therefore,god,5.919289881034844
prophets,have,5.91795020987808
before,congregation,5.917950209878079
before,took,5.917950209878079
thousand,threescore,5.907568387666299
but,dung,5.881108716041855
bondage,but,5.8811087160418545
came,jerusalem,5.875433546979538
are,about,5.832510523458697
chambers,are,5.832510523458697
heathen,are,5.832510523458697
levites,same,5.829308886960291
levites,thus,5.829308886960291
ground,levites,5.829308886960289
priesthood,levites,5.829308886960289
same,levites,5.829308886960289
stairs,levites,5.829308886960289
then,said,5.82644656822661
other,half,5.821999286282157
over,going,5.815589342618207
over,overseer,5.815589342618207
over,turning,5.815589342618207
thanks,one,5.815589342618207
fathers,eat,5.804185590396026
again,will,5.804185590396025
houses,fathers,5.804185590396025
servants,might,5.803864793508888
sons,build,5.803864793508888
four,singers,5.776450934129897
god,continual,5.776049207789606
god,observe,5.776049207789606
god,within,5.776049207789606
merciful,god,5.776049207789606
prayed,god,5.776049207789606
transgress,god,5.776049207789606
priest,brought,5.76733260609065
brethren,kept,5.750697611426309
captivity,there,5.750697611426309
till,there,5.750697611426309
jews,rulers,5.749452369466349
some,daughters,5.749452369466349
house,seed,5.73888469351239
treasure,house,5.73888469351239
vessels,house,5.73888469351239
again,law,5.706073266687676
cast,law,5.706073266687676
lands,law,5.706073266687676
days,were,5.70331280068436
fields,thereof,5.690871804790058
fruit,thereof,5.690871804790058
chamber,then,5.672221113401778
heart,then,5.672221113401778
reproach,then,5.672221113401778
sin,then,5.672221113401778
other,hand,5.671084793653735
gates,sent,5.671084793653734
was,son,5.656328957622298
god,bring,5.650244565829107
bani,next,5.645717715110626
commandments,let,5.645717715110626
will,not,5.639636363495709
separated,wall,5.631416782473368
again,out,5.612728902538029
cast,out,5.612728902538029
commanded,israel,5.612728902538029
remember,lord,5.612728902538029
cities,chapter,5.603941377700532
holy,neither,5.603941377700532
holy,sabbath,5.603941377700532
moreover,dwelt,5.603941377700532
part,place,5.603941377700532
letters,came,5.596824207346641
valley,gate,5.596824207346641
land,concerning,5.579610192999464
land,might,5.579610192999464
city,yet,5.571236854838181
wine,gave,5.571236854838181
wine,yet,5.571236854838181
hundred,ninety,5.569830798053751
judah,said,5.5479075937910185
all,servants,5.5334945488390295
bring,book,5.5311902630135314
saying,come,5.5311902630135314
people,answered,5.529787508207713
people,blessed,5.529787508207713
people,contended,5.529787508207713
people,think,5.529787508207713
people,wood,5.529787508207713
cry,people,5.529787508207712
chamber,after,5.524278634732358
great,chamber,5.524278634732358
till,after,5.524278634732358
times,after,5.524278634732358
took,great,5.524278634732358
very,great,5.524278634732358
again,before,5.5237186104183404
have,lands,5.5237186104183404
have,tithes,5.5237186104183404
day,leave,5.5177554427694355
day,seventh,5.5177554427694355
day,sold,5.5177554427694355
prepared,day,5.517755442769435
both,fathers,5.476613421594194
will,make,5.476613421594194
had,prepared,5.4633537312653555
had,separated,5.4633537312653555
according,good,5.45341268754656
doors,gates,5.45341268754656
eight,porters,5.45341268754656
good,according,5.45341268754656
good,hand,5.45341268754656
place,therefore,5.45341268754656
sheep,also,5.410454310007916
twenty,four,5.4083208804165475
chapter,rulers,5.408231428919595
chapter,words,5.408231428919595
half,rulers,5.408231428919595
jews,dwelt,5.408231428919595
sabbath,some,5.408231428919595
together,chief,5.408231428919595
together,half,5.408231428919595
tower,next,5.4008429209030275
governor,but,5.386947467427076
nothing,but,5.386947467427076
right,but,5.386947467427076
done,now,5.378887198273835
law,found,5.378887198273835
law,moses,5.378887198273835
brethren,remember,5.357238585613675
name,there,5.357238585613675
wives,brethren,5.357238585613675
not,necks,5.341207100771776
not,promise,5.341207100771776
over,chamber,5.321814791609132
over,chambers,5.321814791609132
over,till,5.321814791609132
over,ward,5.321814791609132
took,one,5.321814791609132
ward,over,5.321814791609132
repaired,priests,5.320200317788328
bring,place,5.313904033813775
come,man,5.313904033813775
afraid,said,5.308852087848855
cause,thou,5.305618235093921
praise,thou,5.305618235093921
sight,thou,5.305618235093921
think,thou,5.305618235093921
thou,return,5.305618235093921
days,david,5.2998531604087695
both,out,5.2859290090626905
even,build,5.2859290090626905
forth,out,5.2859290090626905
israel,done,5.2859290090626905
moses,lord,5.2859290090626905
scribe,even,5.2859290090626905
levites,judah,5.281697810953665
manner,then,5.279148486357075
then,commanded,5.279148486357075
baruch,were,5.270678976387333
seed,were,5.270678976387333
were,attentive,5.270678976387333
were,behind,5.270678976387333
were,much,5.270678976387333
pass,jews,5.25808861567367
pass,time,5.25808861567367
wine,forty,5.25808861567367
heaven,yet,5.230787593670344
came,again,5.204138053735091
scribe,before,5.197304966464246
have,found,5.1973049664642454
levites,sanctified,5.165924350353268
israel,were,5.150142199659983
about,wall,5.138802773086598
built,wall,5.138802773086598
offerings,priests,5.138802773086598
oil,priests,5.138802773086598
priests,chambers,5.138802773086598
priests,took,5.138802773086598
princes,priests,5.138802773086598
reproach,wall,5.138802773086598
wall,hear,5.138802773086598
after,houses,5.131979029247166
after,name,5.131979029247166
great,evil,5.131979029247166
judah,benjamin,5.131979029247166
kings,words,5.118965913312609
singers,some,5.118965913312609
time,kings,5.118965913312609
together,come,5.118965913312609
words,come,5.118965913312609
are,many,5.112637853695334
both,men,5.112637853695334
certain,men,5.112637853695334
things,are,5.112637853695334
brought,made,5.081030731797721
forty,seven,5.081030731797721
high,house,5.076275425837579
house,high,5.076275425837579
house,mighty,5.076275425837579
house,nine,5.076275425837579
house,turning,5.076275425837579
heaven,heaven,5.068553996032415
part,heaven,5.068553996032415
servants,who,5.062332688880782
days,nobles,5.056136443824958
thousand,fifty,5.056136443824958
thou,before,5.049171243518254
beast,was,5.042517709195173
nations,was,5.042517709195173
pool,was,5.042517709195173
was,faithful,5.042517709195173
was,large,5.042517709195173
was,second,5.042517709195173
day,read,5.0259155020898945
even,water,5.007330501321281
commandments,lord,5.00733050132128
david,even,5.00733050132128
water,out,5.00733050132128
built,had,4.971900937319358
captivity,had,4.971900937319358
had,wrought,4.971900937319358
yea,had,4.971900937319358
night,will,4.9539119477488525
behind,all,4.952526660571332
blessed,all,4.952526660571332
fish,all,4.952526660571332
grieved,all,4.952526660571332
ground,all,4.952526660571332
returned,all,4.952526660571332
sight,all,4.952526660571332
gave,kings,4.942294055299787
yet,bring,4.942294055299787
benjamin,over,4.930675278966363
wives,one,4.930675278966363
children,aaron,4.922656452384367
children,jericho,4.922656452384367
children,levi,4.922656452384367
twelve,children,4.922656452384367
also,begat,4.9193887377484184
begat,also,4.919388737748418
yea,also,4.919388737748418
did,neither,4.919183160023179
heaven,according,4.919183160023179
made,heaven,4.919183160023179
have,put,4.919092782848567
therein,before,4.919092782848567
forth,came,4.879270154234743
month,came,4.879270154234743
solomon,son,4.871658033305705
son,aaron,4.871658033305705
son,keeper,4.871658033305705
separated,people,4.869117728665486
people,elam,4.869117728665485
people,understand,4.869117728665485
servants,some,4.868166694634604
some,servants,4.868166694634603
days,moreover,4.840394467191512
give,land,4.840394467191512
six,thousand,4.840394467191512
are,therein,4.834812068844524
five,men,4.834812068844524
therein,are,4.834812068844524
congregation,said,4.818561183945884
also,day,4.811652349540364
after,certain,4.807497752598897
make,great,4.807497752598897
piece,after,4.807497752598897
chief,singers,4.780832583918477
went,half,4.780832583918477
did,according,4.770198424403828
forty,three,4.770198424403828
pass,gates,4.770198424403828
even,tower,4.76477253332372
tower,even,4.76477253332372
curse,god,4.75780963190003
god,fight,4.75780963190003
god,meat,4.75780963190003
god,think,4.75780963190003
god,turned,4.75780963190003
perceived,god,4.75780963190003
rejoiced,god,4.75780963190003
thanksgiving,god,4.75780963190003
set,time,4.754310092565554
together,set,4.754310092565554
brethren,bani,4.754158353135282
every,man,4.738556220633873
fathers,stood,4.738556220633873
place,fathers,4.738556220633873
porters,every,4.738556220633873
repaired,benjamin,4.691926623671146
ammonite,not,4.682478691999189
mercies,not,4.682478691999189
not,afraid,4.682478691999189
not,old,4.682478691999189
statutes,not,4.682478691999189
levites,take,4.676796011879274
portions,levites,4.676796011879274
princes,levites,4.676796011879274
build,but,4.67171337574191
enemies,but,4.67171337574191
part,next,4.65202949437342
judgments,thou,4.647278326710344
thou,dealt,4.647278326710344
thou,send,4.647278326710344
good,work,4.641988745903959
work,moreover,4.641988745903959
day,lands,4.636710974126843
day,remember,4.636710974126843
kings,hand,4.632234023238226
singers,did,4.632234023238226
nevertheless,were,4.612727643875949
were,left,4.612727643875949
were,prepared,4.612727643875949
were,sold,4.612727643875949
one,hands,4.607354319506701
above,gate,4.60260401379675
came,nehemiah,4.60260401379675
builded,men,4.593026973048183
men,other,4.593026973048183
other,men,4.593026973048183
chamber,house,4.587922506590134
chambers,house,4.587922506590134
israel,all,4.570782527921181
year,even,4.550189529104375
lord,moreover,4.550189529104374
out,good,4.550189529104374
city,fathers,4.54554897497613
daughters,every,4.54554897497613
jews,will,4.54554897497613
son,chief,4.544932975523782
half,servants,4.531578065026281
sons,dwelt,4.531578065026281
david,after,4.5312183097661105
again,jerusalem,4.530958728143079
also,benjamin,4.530958728143079
also,cast,4.530958728143079
houses,also,4.530958728143079
wives,also,4.530958728143079
brethren,nobles,4.512759805467001
therefore,let,4.503817183213452
seven,days,4.471873888371401
seven,thousand,4.471873888371401
thousand,seven,4.471873888371401
before,priest,4.462724682833251
place,have,4.462724682833251
now,city,4.449367899009307
also,said,4.4346146151982255
said,evil,4.430905992756777
build,wall,4.426664057877309
certain,priests,4.426664057877309
priests,zechariah,4.426664057877309
commandments,but,4.396207552494433
water,but,4.396207552494433
ammonite,was,4.38728852371724
bondage,was,4.38728852371724
overseer,was,4.38728852371724
was,given,4.38728852371724
was,overseer,4.38728852371724
was,prepared,4.38728852371724
was,shut,4.38728852371724
did,sons,4.383752077995251
therefore,servants,4.383752077995251
people,gathered,4.382704673786973
son,over,4.3801522338872685
men,six,4.379216990388527
yet,will,4.37080836470856
repaired,another,4.37015380169036
gate,tower,4.361978786583884
one,put,4.332235418298189
over,water,4.332235418298189
day,another,4.315325373832993
heaven,land,4.311957564340389
moreover,there,4.299336445659028
porters,brethren,4.299336445659028
there,stood,4.299336445659028
all,fruit,4.298465244691016
all,trees,4.298465244691016
separated,all,4.298465244691016
women,all,4.298465244691016
great,tower,4.290979854939093
judah,builded,4.290979854939093
judah,sent,4.290979854939093
night,judah,4.290979854939093
commanded,levites,4.290303611421769
tithes,levites,4.290303611421769
brought,law,4.275013762174948
gave,work,4.275013762174948
heard,law,4.275013762174948
law,ezra,4.275013762174948
law,yet,4.275013762174948
work,gave,4.275013762174948
yet,now,4.275013762174948
levites,had,4.273787507376452
therefore,set,4.271054448339725
twenty,three,4.271054448339724
place,then,4.222792688419007
then,stood,4.222792688419007
dwelt,every,4.211278514108668
concerning,also,4.210347796204856
concerning,jerusalem,4.210347796204856
tithes,house,4.202205675702801
not,bread,4.19800738484942
not,fear,4.19800738484942
not,hear,4.19800738484942
not,kept,4.19800738484942
not,sin,4.19800738484942
not,yea,4.19800738484942
why,not,4.19800738484942
heard,even,4.183987566935596
israel,ezra,4.183987566935596
also,levites,4.1800927685986355
thousand,eight,4.164904449505788
three,days,4.164904449505788
three,thousand,4.164904449505788
thou,hear,4.163195595434912
times,thou,4.163195595434912
but,nobles,4.156742866903353
sent,but,4.156742866903353
gate,stood,4.149328896767689
who,came,4.149328896767688
congregation,were,4.129033563981419
heathen,were,4.129033563981419
were,about,4.129033563981419
were,very,4.129033563981419
work,half,4.115870459705871
many,said,4.111070029348031
jews,there,4.108261940784704
servant,have,4.097295891644309
repaired,nehemiah,4.096583337608379
appointed,over,4.093157729616208
thou,but,4.0902987183705966
but,thou,4.090298718370596
priest,after,4.078716812321559
people,priests,4.044561102347652
together,then,4.032104955931452
words,then,4.032104955931452
land,bring,4.028872042314898
israel,dwelt,4.025230887317967
lord,neither,4.025230887317967
are,brought,4.014561519654878
men,seven,4.014561519654878
people,wives,3.9989280836485115
had,put,3.9892895316952295
appointed,two,3.9723097867963273
levites,both,3.97163066414054
levites,might,3.97163066414054
things,levites,3.97163066414054
law,therefore,3.9695905158500953
rulers,came,3.9590280114766863
give,but,3.9452537432300514
before,neither,3.9389259096289644
before,sabbath,3.9389259096289644
neither,have,3.9389259096289644
also,bani,3.937939447209945
also,therein,3.937939447209945
singers,will,3.928966163061964
will,bring,3.9289661630619634
children,ninety,3.9200710020531275
children,ono,3.9200710020531275
children,province,3.9200710020531275
children,rejoiced,3.9200710020531275
sins,children,3.9200710020531275
priests,builded,3.9147901236478444
priests,nobles,3.9147901236478444
wall,appointed,3.9147901236478444
wall,tower,3.9147901236478444
oil,was,3.9063171202559763
vineyards,was,3.9063171202559763
was,built,3.9063171202559763
was,wrought,3.9063171202559763
servants,set,3.889245335410703
judah,city,3.888802849069709
judah,some,3.888802849069709
king,wine,3.888802849069709
done,house,3.884308448398561
piece,house,3.884308448398561
one,man,3.882055677745245
even,did,3.8793376410700153
hand,lord,3.8793376410700153
out,hand,3.8793376410700153
judah,was,3.872100145500631
corner,son,3.8702515965734445
goldsmiths,son,3.8702515965734445
son,baruch,3.8702515965734445
son,goldsmiths,3.8702515965734445
son,laid,3.8702515965734445
are,chief,3.8565783100298607
dwelt,men,3.8565783100298607
bani,said,3.839436799056398
come,now,3.8343314291124817
law,bring,3.8343314291124817
all,hear,3.81866183815118
all,heathen,3.81866183815118
heart,all,3.81866183815118
times,all,3.81866183815118
not,eat,3.816172919552799
let,every,3.802868387949391
before,therefore,3.7934194357663467
gate,ezra,3.786994284845849
brethren,chief,3.7778580824912833
chapter,there,3.7778580824912833
neither,brethren,3.7778580824912833
there,dwelt,3.7778580824912833
good,thereof,3.7619821033446055
stood,two,3.7619821033446055
thereof,good,3.7619821033446055
levites,levites,3.752666305522831
had,rest,3.7525353983215624
had,sent,3.7525353983215624
people,had,3.7523785343072067
eat,were,3.747976476989162
houses,were,3.747976476989162
were,cast,3.7479764769891615
went,out,3.744465326717405
out,kings,3.7444653267174046
judah,ezra,3.7171561193439633
king,servant,3.7171561193439633
ezra,judah,3.717156119343963
men,forty,3.7114586833627223
let,now,3.7086204263869647
chapter,then,3.7024748668718224
also,appointed,3.7015728356355755
down,also,3.7015728356355755
jerusalem,rest,3.7015728356355755
bani,levites,3.701160675449855
one,city,3.6933029299316864
one,daughters,3.6933029299316864
over,city,3.6933029299316864
some,one,3.6933029299316864
servants,will,3.6851227958999613
concerning,people,3.682971473617137
done,people,3.682971473617137
people,might,3.682971473617137
before,come,3.6589339686167364
have,kings,3.6589339686167364
repaired,ruler,3.6495013707238337
god,then,3.636238992700118
brethren,did,3.6331253778625103
gates,there,3.6331253778625103
there,three,3.6331253778625103
congregation,god,3.6294002414718913
god,chambers,3.6294002414718913
god,covenant,3.6294002414718913
god,kept,3.6294002414718913
god,reproach,3.6294002414718913
god,yea,3.6294002414718913
hear,god,3.6294002414718913
prayer,god,3.6294002414718913
ward,god,3.6294002414718913
wrought,god,3.6294002414718913
above,house,3.6146143301505007
house,david,3.6146143301505007
were,priests,3.5975896594254575
holy,day,3.595835057954068
but,servant,3.585241337499315
son,sons,3.57139506812945
land,land,3.569274179241803
after,half,3.560720747663805
after,sabbath,3.560720747663805
heaven,great,3.5607207476638045
part,after,3.5607207476638045
pass,then,3.5581291591525126
was,commanded,3.5279832392947426
one,servant,3.522817640431003
one,villages,3.522817640431003
over,yet,3.522817640431003
was,over,3.5227812572337323
wall,city,3.517258879098371
city,priests,3.51725887909837
jews,priests,3.51725887909837
even,servants,3.5021693483782816
israel,servants,3.5021693483782816
art,not,3.502158811623932
not,done,3.502158811623932
not,found,3.502158811623932
also,good,3.493182385971003
jerusalem,holy,3.493182385971003
who,also,3.4931823859710027
gate,did,3.486213205447174
work,twenty,3.4812709355215645
concerning,thou,3.4681244005151424
thou,done,3.4681244005151424
thou,make,3.4681244005151424
day,thou,3.463765370165278
five,hundred,3.453320645218235
all,evil,3.4414961815249674
things,were,3.434739898473585
were,many,3.4347398984735844
but,dwelt,3.4295803342378623
chapter,but,3.4295803342378623
made,king,3.4171492584808023
people,therein,3.415218349314898
heard,thereof,3.4042932527469363
moreover,said,3.396230425970365
even,set,3.392565599268845
time,had,3.357329059417016
seven,priests,3.3479357046829863
are,sons,3.3366121475609907
servants,men,3.3366121475609907
also,wine,3.3071417656656497
some,also,3.3071417656656497
even,days,3.2895100793514347
but,according,3.2867833634093984
after,went,3.284599150492493
come,judah,3.284599150492493
children,elam,3.284394225762849
sanctified,children,3.284394225762849
thou,also,3.2834360825126794
moreover,levites,3.260281462356798
brethren,sons,3.259440057503738
sons,brethren,3.2594400575037374
god,cast,3.254963098239014
god,tithes,3.254963098239014
god,wives,3.254963098239014
remember,god,3.2549630982390134
half,thereof,3.2497943645695067
thereof,dwelt,3.2497943645695067
servant,day,3.2404711130030206
put,not,3.236348566830576
jonathan,son,3.2357540655985773
son,high,3.2357540655985773
son,jonathan,3.2357540655985773
son,was,3.2239819610491853
was,found,3.217470396617777
time,said,3.2109653752388945
therein,thou,3.2027029582084268
chief,priests,3.1938243383070914
priests,chief,3.1938243383070914
wall,neither,3.1938243383070914
out,every,3.1923126547691467
will,even,3.1923126547691467
had,brought,3.1891686757359103
had,heard,3.1891686757359103
heard,had,3.1891686757359103
seven,had,3.1891686757359103
people,saying,3.1835078655751023
man,house,3.1752873095686933
ruler,house,3.1752873095686933
year,house,3.1752873095686933
said,not,3.173430438683741
were,four,3.1697073342578976
were,nehemiah,3.1697073342578976
were,written,3.1697073342578976
let,king,3.161597650802139
brought,jerusalem,3.139369129176293
jerusalem,villages,3.139369129176293
villages,also,3.139369129176293
all,enemies,3.1321517906867102
all,make,3.1321517906867102
all,things,3.1321517906867102
forth,all,3.13215179068671
work,lord,3.1003868995717134
bring,one,3.0937463417985818
one,went,3.0937463417985818
over,went,3.0937463417985818
went,over,3.0937463417985818
part,day,3.0871350155570374
were,said,3.0575678109400557
gates,wall,3.052577304595446
hand,wall,3.052577304595446
pass,wall,3.052577304595446
neither,had,3.036220325485549
law,before,3.0171781973055727
before,now,3.0171781973055722
lord,lord,3.0132303002116396
out,even,3.0132303002116396
saying,not,3.006581340145248
not,builded,3.0065813401452477
not,sent,3.0065813401452477
city,house,2.9919624995816974
jerusalem,chapter,2.986808601303543
jerusalem,dwelt,2.986808601303543
jerusalem,neither,2.986808601303543
cities,people,2.979774447232569
thou,down,2.9733246096125443
therein,was,2.955162098251897
was,above,2.955162098251897
was,written,2.955162098251897
art,god,2.9483477526668502
day,did,2.946663401071523
were,appointed,2.9407179393793794
set,great,2.9396687396749677
even,before,2.930408969633331
israel,have,2.930408969633331
out,before,2.930408969633331
levites,ezra,2.9103475580651272
pass,had,2.8961365333779483
all,commandments,2.8710121717489683
levites,son,2.866286417246851
there,now,2.8623047191377258
one,sons,2.8584210304257995
before,have,2.8479750857809765
also,made,2.8471127067946833
king,land,2.8389372250615494
land,judah,2.8389372250615494
children,seventy,2.822979055225896
children,took,2.822979055225896
valley,children,2.822979055225896
not,good,2.804791556558495
not,moreover,2.804791556558495
wall,next,2.8016759590765297
daughters,people,2.79839176208793
people,time,2.79839176208793
some,people,2.79839176208793
law,then,2.790019577534959
work,then,2.790019577534959
israel,children,2.787982787314388
before,men,2.7694993294291383
men,have,2.7694993294291383
singers,had,2.767074798378669
set,over,2.752303627359039
were,porters,2.7397061388843142
was,appointed,2.7288974994454316
also,kings,2.7184389446392343
bring,jerusalem,2.7184389446392343
before,brethren,2.694651694843518
brethren,have,2.694651694843518
men,are,2.6914111699797343
god,above,2.689937711079623
god,put,2.689937711079623
priests,sons,2.6893530487837918
great,work,2.654463406576749
judah,now,2.654463406576749
king,now,2.654463406576749
now,king,2.654463406576749
people,gave,2.6352779649524036
people,villages,2.6352779649524036
but,fathers,2.618348623043314
there,are,2.616951207428198
jerusalem,next,2.599314542228672
next,also,2.599314542228672
thou,jews,2.5928741365746997
servants,day,2.5857663052497424
king,israel,2.569632163555534
lord,great,2.569632163555534
out,after,2.569632163555534
were,some,2.5610456007761555
city,were,2.561045600776155
jews,were,2.561045600776155
rulers,were,2.561045600776155
time,were,2.561045600776155
words,were,2.561045600776155
made,house,2.5400840340815103
thereof,thousand,2.5396376245360934
two,days,2.5396376245360934
man,was,2.5306110254448964
priest,was,2.5306110254448964
was,good,2.5306110254448964
was,ruler,2.5306110254448964
singers,levites,2.4952392254962157
levites,bring,2.4952392254962152
levites,went,2.4952392254962152
chief,people,2.4873771809751988
half,people,2.4873771809751988
people,chapter,2.487377180975198
people,dwelt,2.487377180975198
one,work,2.470588019156314
builded,god,2.4675721290171877
god,saying,2.4675721290171877
children,benjamin,2.4642052324353827
benjamin,children,2.4642052324353823
threescore,children,2.4642052324353823
wives,children,2.4642052324353823
yet,not,2.4641834774727664
fathers,two,2.446703767474901
had,set,2.432613564610133
yet,thou,2.432093835092572
benjamin,son,2.4179242584538887
bring,house,2.4141281912054993
great,men,2.4125996197611994
men,judah,2.4125996197611994
brethren,came,2.4044914766676526
came,there,2.404491476667652
were,seven,2.400654480069658
said,sons,2.3970238614961743
priests,every,2.3934484982756046
priests,fathers,2.3934484982756046
wall,every,2.3934484982756046
even,over,2.38692046895664
day,land,2.383959756193721
levites,next,2.3780561938545506
people,were,2.3586533799024876
city,was,2.354676344465955
together,was,2.354676344465955
wine,was,2.354676344465955
hand,people,2.352341935253218
people,did,2.3523419352532176
people,gates,2.3523419352532176
brethren,judah,2.339691097219123
then,came,2.3345330440115784
brethren,son,2.3069498803710125
law,priests,2.3061752604574504
work,wall,2.3061752604574504
house,next,2.2977222358244758
day,will,2.2921902694395317
days,also,2.288289919940458
heaven,thou,2.286527000624573
even,two,2.2761510275783348
all,time,2.274033822683938
all,together,2.274033822683938
god,good,2.273185432027468
god,moreover,2.273185432027468
then,king,2.2701207126852205
king,then,2.2701207126852196
neither,were,2.2554769021248804
one,men,2.2322159881166566
kings,people,2.2283297271334597
even,wall,2.223672080565666
wall,even,2.223672080565666
but,there,2.2178548168111307
now,day,2.20569350450378
king,came,2.2036316447732123
came,king,2.203631644773212
fathers,also,2.197297056824503
jerusalem,every,2.1972970568245027
gave,was,2.197011611727011
was,heard,2.197011611727011
not,gates,2.1851373635236557
certain,children,2.1732562746647104
month,children,2.1732562746647104
moses,children,2.1732562746647104
brethren,over,2.1604718358830564
one,brethren,2.1604718358830564
now,had,2.157883501198368
thou,according,2.153826158442848
thou,made,2.153826158442848
king,after,2.139995635633807
both,son,2.128155241725592
even,day,2.123966948254
therefore,were,2.123165392241109
were,eight,2.123165392241109
were,made,2.123165392241109
were,three,2.123165392241109
brought,all,2.117538680627529
yet,all,2.117538680627529
people,let,2.113867784354436
jerusalem,now,2.111577066346416
said,will,2.1081075678250887
but,gate,2.083348159436016
gate,but,2.0833481594360155
priests,men,2.071297018434285
are,priests,2.0712970184342847
not,come,2.063070680855779
not,went,2.063070680855779
neither,was,2.0545609527947235
kings,thou,2.032148808072435
thou,bring,2.032148808072435
lord,also,2.030627435424999
over,gate,2.026741802147544
repaired,men,2.021379748654825
but,after,2.020488773936229
great,but,2.020488773936229
servants,people,2.0077602816271325
sons,people,2.0077602816271325
singers,were,2.0018774499728504
were,come,2.0018774499728504
were,went,2.0018774499728504
brethren,priests,2.0007179147802976
priests,brethren,2.0007179147802976
wall,there,2.0007179147802976
levites,every,1.9838079626314864
chapter,all,1.976257840408794
judah,son,1.9702932644281255
king,over,1.9642708415872454
one,great,1.9642708415872454
over,after,1.9642708415872454
over,great,1.9642708415872454
also,have,1.954014277470045
repaired,brethren,1.951189145393524
god,brought,1.9473878543142653
god,ezra,1.9473878543142653
servant,god,1.9473878543142653
said,even,1.9429922499430234
wall,then,1.9334774014025824
hand,was,1.9249768931754885
therefore,was,1.9249768931754885
was,forty,1.9249768931754885
was,made,1.9249768931754885
set,people,1.9090229607582274
bani,son,1.886594829632989
men,also,1.8813603765980602
two,great,1.8581615949664827
according,all,1.8478438276305253
all,made,1.8478438276305253
pass,all,1.8478438276305253
house,now,1.8235849185378312
levites,out,1.821025233045207
also,brethren,1.8123357275119374
also,there,1.8123357275119374
brethren,also,1.8123357275119374
god,chapter,1.80883925496692
god,half,1.80883925496692
judah,wall,1.8080134241801826
wall,after,1.8080134241801826
was,come,1.8064169326337813
one,one,1.7920425512329583
one,over,1.7920425512329583
was,not,1.7510212479072171
not,set,1.7496027629058921
jerusalem,then,1.7466499707977612
house,even,1.7453569054624927
house,lord,1.7453569054624927
house,out,1.7453569054624927
thereof,but,1.7425401148751003
bring,all,1.7304541421378776
singers,all,1.7304541421378776
children,other,1.7238226335143478
night,children,1.7238226335143478
thou,set,1.7198493419626208
next,was,1.6974082993176967
priests,but,1.693169473503333
son,one,1.6834749431220226
god,made,1.6831580163862978
builded,son,1.6810821790133677
house,have,1.6714658945447347
after,had,1.6678817596663311
king,had,1.6678817596663311
law,people,1.6494562028917357
people,work,1.6494562028917357
repaired,but,1.6455843388700768
wall,one,1.6392836762992022
jerusalem,judah,1.6242964136790234
came,said,1.6002995030876674
not,fathers,1.5749834631123838
lord,people,1.5731744725782562
people,israel,1.5731744725782562
thou,fathers,1.5460093894745164
porters,children,1.5451115336242411
then,levites,1.5448260873611066
said,after,1.5413277658234874
thereof,wall,1.537840060125292
two,priests,1.537840060125292
all,sons,1.523133612956433
fathers,were,1.5176862099882273
two,son,1.5151400982365884
jerusalem,but,1.5125640929127144
priests,children,1.5039580523031484
priest,son,1.5035517167068437
son,moreover,1.5035517167068437
son,place,1.5035517167068437
son,who,1.5035517167068437
was,twenty,1.5034732819599435
one,had,1.5026525954155872
over,jerusalem,1.4602345646394037
work,were,1.4393606626722217
men,people,1.433245939509722
not,out,1.4215447129755083
came,house,1.4123917866013913
had,two,1.4035438368151956
even,thou,1.3933502904592556
thou,even,1.3933502904592556
thou,out,1.3933502904592556
some,children,1.3887560594877693
were,israel,1.3658069140830733
house,judah,1.3553667109735392
land,all,1.3454633904802082
also,priests,1.3156468974259448
jerusalem,priests,1.3156468974259448
are,not,1.2855136761231998
god,set,1.2772733097909703
also,repaired,1.2711755125806607
repaired,also,1.2711755125806607
day,had,1.268859284295854
fathers,all,1.2657655915006265
law,was,1.2602792079471392
now,was,1.2602792079471392
work,was,1.2602792079471392
children,seven,1.2506743678290202
children,also,1.2214037077669762
people,after,1.1948699361989221
all,work,1.1913428652235694
israel,was,1.1894571671093788
brethren,were,1.1697114937974364
jerusalem,also,1.147500153428673
thou,then,1.1374102391251428
levites,priests,1.1293978261137096
children,half,1.1278105857109382
sabbath,children,1.1278105857109382
out,all,1.1216926994200647
then,were,1.1114273817069786
but,people,1.0924870549477632
people,but,1.0924870549477632
repaired,levites,1.0868749994968594
jerusalem,said,1.0723211868108118
house,wall,1.063077117318069
all,have,1.0563812083658883
god,now,1.0458014240787308
over,people,1.0448336125971
children,eight,1.017817240149596
three,children,1.017817240149596
god,was,1.0060339593395633
all,men,0.9950311770255498
but,not,0.9564564027957942
thereof,people,0.9558583487790651
then,was,0.9460097990197072
levites,children,0.933496123483176
children,bring,0.9188518324029868
children,went,0.9188518324029868
singers,children,0.9188518324029868
before,god,0.9163143990972415
god,have,0.9163143990972415
people,wall,0.9142796720913613
also,house,0.9058476189646434
god,all,0.9045715852268046
gate,was,0.8935435756311683
god,are,0.8577024867149361
was,great,0.8439331426667247
people,day,0.8363814476487137
gate,all,0.8316419188159418
god,brethren,0.8027225652418608
all,great,0.7832047357917713
all,judah,0.7832047357917713
thereof,were,0.7785337249377859
two,were,0.7785337249377859
were,two,0.7785337249377859
people,also,0.7648573378271519
thou,wall,0.7625475856032855
wall,thou,0.7625475856032855
servants,children,0.7483906959693409
sons,son,0.7151018534258256
was,one,0.7103014777360517
people,said,0.6990460571070862
said,people,0.6990460571070862
twenty,children,0.6747148876354883
day,were,0.6672615528058703
god,after,0.6568338796696764
god,great,0.6568338796696764
great,god,0.6568338796696764
over,all,0.653094197822774
also,thou,0.6225039164308281
levites,people,0.6098308526563194
were,also,0.6012099348678872
thereof,all,0.5774092815909073
all,wall,0.5424777273691721
wall,all,0.5424777273691721
god,one,0.5349473494929333
day,was,0.5292117868404587
law,son,0.46180467506143885
not,children,0.4550659777277437
all,had,0.44801373193456606
god,priests,0.43255972068796433
son,even,0.41178753240073973
house,were,0.4115308953160297
said,all,0.3671541606013078
are,children,0.349410074753276
people,thou,0.3243021961599809
god,son,0.31877039200164115
brethren,children,0.3101519597476817
house,was,0.2981579903677448
all,levites,0.297911561813505
said,god,0.273708361565032
all,house,0.25741001389333107
came,children,0.24141307957117786
thou,not,0.23913735273459746
were,not,0.22450481935984645
judah,children,0.21144724032009077
king,children,0.21144724032009077
after,son,0.1911787228541747
son,after,0.1911787228541747
son,judah,0.1911787228541747
people,all,0.17320469504952485
all,children,0.17296085473707867
son,all,0.15282172889847112
son,but,0.1414023518237455
children,son,0.1391044161490682
son,children,0.1391044161490682
one,children,0.13677252193870892
was,children,0.13192170704778983
not,all,0.10963813389509591
thou,all,0.099066696026887
son,were,0.06884013130243183
priests,son,0.06846998859701209
not,god,0.05745784579353763
son,repaired,0.05501002006587957
day,son,0.043240306052872934
son,had,0.03306740296939936
also,children,0.03281273744578728
also,son,0.024405447875452735
son,also,0.024405447875452735
god,god,0.0026745273714837148
children,house,0.00022198504326143703
house,children,0.00022198504326143703
house,son,0.0001315287318313027
