jesus,christ,48.12496801703953
eternal,life,26.841706242092727
good,works,26.113140040522726
god,saviour,25.264150090143225
not,given,23.276560837834527
hope,eternal,23.02262123232385
obedient,own,21.296528797613163
all,things,18.616745033587165
good,work,16.410641354820307
maintain,good,16.410641354820307
about,law,14.808803112061657
accused,riot,14.808803112061657
admonition,reject,14.808803112061657
affirm,constantly,14.808803112061657
answering,again,14.808803112061657
appearing,great,14.808803112061657
appointed,any,14.808803112061657
beasts,slow,14.808803112061657
been,taught,14.808803112061657
bellies,witness,14.808803112061657
bring,lawyer,14.808803112061657
cause,left,14.808803112061657
chaste,keepers,14.808803112061657
circumcision,mouths,14.808803112061657
contentions,strivings,14.808803112061657
contrary,part,14.808803112061657
deceived,serving,14.808803112061657
deceivers,specially,14.808803112061657
denying,ungodliness,14.808803112061657
diligent,come,14.808803112061657
discreet,chaste,14.808803112061657
due,times,14.808803112061657
elect,acknowledging,14.808803112061657
envy,hateful,14.808803112061657
fables,commandments,14.808803112061657
false,accusers,14.808803112061657
father,lord,14.808803112061657
genealogies,contentions,14.808803112061657
giving,heed,14.808803112061657
glorious,appearing,14.808803112061657
gods,elect,14.808803112061657
gravity,sincerity,14.808803112061657
had,appointed,14.808803112061657
hateful,hating,14.808803112061657
heed,jewish,14.808803112061657
holding,fast,14.808803112061657
iniquity,purify,14.808803112061657
jewish,fables,14.808803112061657
journey,diligently,14.808803112061657
lawyer,apollos,14.808803112061657
lie,promised,14.808803112061657
live,soberly,14.808803112061657
looking,blessed,14.808803112061657
lucres,sake,14.808803112061657
made,heirs,14.808803112061657
malice,envy,14.808803112061657
masters,please,14.808803112061657
necessary,uses,14.808803112061657
obey,magistrates,14.808803112061657
ordain,elders,14.808803112061657
peculiar,people,14.808803112061657
people,zealous,14.808803112061657
please,well,14.808803112061657
pleasures,living,14.808803112061657
powers,obey,14.808803112061657
principalities,powers,14.808803112061657
profess,know,14.808803112061657
promised,before,14.808803112061657
purify,peculiar,14.808803112061657
questions,genealogies,14.808803112061657
regeneration,renewing,14.808803112061657
reject,knowing,14.808803112061657
righteously,godly,14.808803112061657
salute,greet,14.808803112061657
second,admonition,14.808803112061657
serving,divers,14.808803112061657
slow,bellies,14.808803112061657
soberly,righteously,14.808803112061657
soon,angry,14.808803112061657
specially,circumcision,14.808803112061657
strivings,about,14.808803112061657
subject,principalities,14.808803112061657
subvert,whole,14.808803112061657
talkers,deceivers,14.808803112061657
thing,say,14.808803112061657
times,manifested,14.808803112061657
true,wherefore,14.808803112061657
ungodliness,worldly,14.808803112061657
was,written,14.808803112061657
washing,regeneration,14.808803112061657
were,sometimes,14.808803112061657
whole,houses,14.808803112061657
winter,bring,14.808803112061657
faith,grace,14.586395534766716
sound,doctrine,14.586395534766716
things,are,14.483170620083914
christ,saviour,13.685025568200167
every,good,12.621657254696764
pure,but,12.621657254696764
abominable,disobedient,12.036214389821875
abundantly,through,12.036214389821875
acknowledging,truth,12.036214389821875
also,learn,12.036214389821875
also,were,12.036214389821875
ashamed,having,12.036214389821875
authority,let,12.036214389821875
avoid,foolish,12.036214389821875
before,world,12.036214389821875
bishop,church,12.036214389821875
blameless,husband,12.036214389821875
blasphemed,young,12.036214389821875
careful,maintain,12.036214389821875
condemned,send,12.036214389821875
convince,there,12.036214389821875
defiled,profess,12.036214389821875
defiled,unbelieving,12.036214389821875
determined,there,12.036214389821875
diligently,nothing,12.036214389821875
disobedient,deceived,12.036214389821875
divers,lusts,12.036214389821875
epistle,paul,12.036214389821875
even,prophet,12.036214389821875
filthy,lucre,12.036214389821875
filthy,lucres,12.036214389821875
first,second,12.036214389821875
foolish,questions,12.036214389821875
grave,temperate,12.036214389821875
holy,ghost,12.036214389821875
hospitality,lover,12.036214389821875
houses,teaching,12.036214389821875
just,holy,12.036214389821875
learn,maintain,12.036214389821875
lover,hospitality,12.036214389821875
lusts,live,12.036214389821875
lusts,pleasures,12.036214389821875
many,unruly,12.036214389821875
mercy,peace,12.036214389821875
might,redeem,12.036214389821875
mind,conscience,12.036214389821875
mouths,must,12.036214389821875
much,wine,12.036214389821875
ordained,first,12.036214389821875
patience,aged,12.036214389821875
paul,servant,12.036214389821875
present,world,12.036214389821875
rebuke,sharply,12.036214389821875
renewing,holy,12.036214389821875
salvation,appeared,12.036214389821875
sometimes,foolish,12.036214389821875
stopped,who,12.036214389821875
teach,young,12.036214389821875
temperate,holding,12.036214389821875
there,winter,12.036214389821875
through,preaching,12.036214389821875
turn,truth,12.036214389821875
unprofitable,vain,12.036214389821875
vain,talkers,12.036214389821875
wanting,ordain,12.036214389821875
wherefore,rebuke,12.036214389821875
who,gave,12.036214389821875
who,subvert,12.036214389821875
wife,having,12.036214389821875
wine,teachers,12.036214389821875
work,reprobate,12.036214389821875
world,began,12.036214389821875
world,looking,12.036214389821875
worldly,lusts,12.036214389821875
being,abominable,10.98971810229278
being,justified,10.98971810229278
blessed,hope,10.98971810229278
chapter,put,10.98971810229278
constantly,have,10.98971810229278
crete,thou,10.98971810229278
deny,being,10.98971810229278
despise,chapter,10.98971810229278
every,city,10.98971810229278
evil,beasts,10.98971810229278
evil,thing,10.98971810229278
faithful,saying,10.98971810229278
fast,faithful,10.98971810229278
given,much,10.98971810229278
hating,one,10.98971810229278
have,believed,10.98971810229278
have,determined,10.98971810229278
have,done,10.98971810229278
hope,glorious,10.98971810229278
husband,one,10.98971810229278
liars,evil,10.98971810229278
manifested,word,10.98971810229278
one,another,10.98971810229278
one,wife,10.98971810229278
ready,every,10.98971810229278
reprobate,chapter,10.98971810229278
righteousness,have,10.98971810229278
sake,one,10.98971810229278
subverted,being,10.98971810229278
thou,affirm,10.98971810229278
thou,set,10.98971810229278
titus,mine,10.98971810229278
titus,ordained,10.98971810229278
will,thou,10.98971810229278
written,titus,10.98971810229278
shewing,all,10.550063089193781
according,commandment,10.310121955111189
adorn,doctrine,10.310121955111189
after,common,10.310121955111189
after,godliness,10.310121955111189
after,kindness,10.310121955111189
apostle,jesus,10.310121955111189
both,exhort,10.310121955111189
doctrine,both,10.310121955111189
exhort,convince,10.310121955111189
exhort,servants,10.310121955111189
gentle,shewing,10.310121955111189
greet,love,10.310121955111189
heirs,according,10.310121955111189
kindness,love,10.310121955111189
lord,jesus,10.310121955111189
man,despise,10.310121955111189
mine,own,10.310121955111189
own,masters,10.310121955111189
own,said,10.310121955111189
own,son,10.310121955111189
prophet,own,10.310121955111189
say,exhort,10.310121955111189
shewing,gravity,10.310121955111189
shewing,pattern,10.310121955111189
sober,grave,10.310121955111189
sober,just,10.310121955111189
sober,minded,10.310121955111189
son,after,10.310121955111189
become,sound,9.804778876679778
common,faith,9.804778876679778
faith,gods,9.804778876679778
fidelity,may,9.804778876679778
may,adorn,9.804778876679778
may,teach,9.804778876679778
part,may,9.804778876679778
sharply,may,9.804778876679778
sincerity,sound,9.804778876679778
sound,speech,9.804778876679778
saviour,cause,9.402068605666
works,deny,9.402068605666
works,necessary,9.402068605666
works,righteousness,9.402068605666
aged,women,9.266942418687735
bishop,must,9.266942418687735
even,mind,9.266942418687735
first,bishop,9.266942418687735
foolish,disobedient,9.266942418687735
holy,temperate,9.266942418687735
let,also,9.266942418687735
unruly,bishop,9.266942418687735
unruly,vain,9.266942418687735
wanting,let,9.266942418687735
women,likewise,9.266942418687735
young,women,9.266942418687735
commandments,men,9.067174656024195
men,turn,9.067174656024195
profitable,men,9.067174656024195
works,things,8.893178184860572
are,liars,8.780480531958933
are,many,8.780480531958933
are,unprofitable,8.780480531958933
law,are,8.780480531958933
said,are,8.780480531958933
being,condemned,8.22376839182284
chapter,paul,8.22376839182284
disobedient,every,8.22376839182284
faithful,children,8.22376839182284
given,filthy,8.22376839182284
given,wine,8.22376839182284
having,faithful,8.22376839182284
husbands,word,8.22376839182284
nothing,pure,8.22376839182284
one,even,8.22376839182284
paul,titus,8.22376839182284
truth,pure,8.22376839182284
word,through,8.22376839182284
work,speak,8.22376839182284
another,but,8.106808970378419
began,but,8.106808970378419
brawlers,but,8.106808970378419
but,avoid,8.106808970378419
but,gentle,8.106808970378419
done,but,8.106808970378419
good,fidelity,8.106808970378419
good,profitable,8.106808970378419
home,good,8.106808970378419
lucre,but,8.106808970378419
order,things,8.106808970378419
pattern,good,8.106808970378419
purloining,but,8.106808970378419
saying,things,8.106808970378419
teachers,good,8.106808970378419
things,become,8.106808970378419
things,will,8.106808970378419
zealous,good,8.106808970378419
all,amen,7.9247395187138014
all,authority,7.9247395187138014
all,iniquity,7.9247395187138014
all,meekness,7.9247395187138014
commandment,god,7.9247395187138014
god,father,7.9247395187138014
god,lie,7.9247395187138014
god,salvation,7.9247395187138014
great,god,7.9247395187138014
know,god,7.9247395187138014
meekness,all,7.9247395187138014
peace,god,7.9247395187138014
servant,god,7.9247395187138014
steward,god,7.9247395187138014
unfruitful,all,7.9247395187138014
all,men,7.820394034620925
accusers,not,7.6038811768343715
again,not,7.6038811768343715
angry,not,7.6038811768343715
holiness,not,7.6038811768343715
not,accused,7.6038811768343715
not,answering,7.6038811768343715
not,blasphemed,7.6038811768343715
not,false,7.6038811768343715
not,giving,7.6038811768343715
not,purloining,7.6038811768343715
not,soon,7.6038811768343715
not,unfruitful,7.6038811768343715
striker,not,7.6038811768343715
according,mercy,7.547500033198521
after,first,7.547500033198521
christ,who,7.547500033198521
doctrine,aged,7.547500033198521
exhort,rebuke,7.547500033198521
grace,mercy,7.547500033198521
husbands,love,7.547500033198521
likewise,exhort,7.547500033198521
love,children,7.547500033198521
love,husbands,7.547500033198521
man,appeared,7.547500033198521
own,husbands,7.547500033198521
through,jesus,7.547500033198521
vain,man,7.547500033198521
faithful,word,7.18392215351504
speak,evil,7.18392215351504
speak,thou,7.18392215351504
titus,chapter,7.18392215351504
temperate,sound,7.045490289643531
according,hope,6.510987129767038
speak,exhort,6.510987129767037
aged,men,6.314569451866201
men,also,6.314569451866201
men,likewise,6.314569451866201
men,teaching,6.314569451866201
young,men,6.314569451866201
are,defiled,6.031225413119819
are,wanting,6.031225413119819
there,are,6.031225413119819
christ,according,5.841391005733795
doctrine,shewing,5.841391005733795
sober,love,5.841391005733795
saviour,being,5.616289397791577
saviour,titus,5.616289397791577
lover,good,5.367637908889779
teaching,things,5.367637908889779
but,even,5.367637908889778
but,lover,5.367637908889778
good,obedient,5.367637908889778
according,faith,5.346064645057641
things,not,5.291960878294029
appeared,all,5.188941140105278
god,might,5.188941140105278
life,god,5.188941140105278
rebuke,all,5.188941140105278
are,pure,5.0081016841583015
saviour,jesus,4.953387842241183
saviour,man,4.953387842241183
appeared,not,4.874845274580294
children,not,4.874845274580294
not,filthy,4.874845274580294
men,sober,4.628544167354189
chapter,but,4.354615213886086
thou,things,4.354615213886086
but,speak,4.354615213886085
things,speak,4.354615213886085
pure,all,4.179296825086623
word,god,4.179296825086623
but,according,3.708548778550761
but,after,3.708548778550761
but,shewing,3.708548778550761
things,grace,3.708548778550761
things,shewing,3.708548778550761
doctrine,god,3.536614486120825
grace,god,3.536614486120825
love,god,3.536614486120825
things,may,3.2367917197779734
faith,not,2.7745076915104736
men,but,2.5665292206047603
good,men,2.56652922060476
are,good,2.3135911801282236
but,are,2.313591180128223
all,are,2.15525082605662
good,things,1.7415310716764931
all,good,1.5934471528366465
god,but,1.5934471528366465
god,not,1.2029590103719168
not,not,0.9709173841158598
